Unnamed: 0,hanja_subsequence,english_translation
0,初,at first time
1,生鮮膾,raw and fresh meat and vegetable dish
2,冊,book
3,秋,autumn
4,獨,alone
5,冊床,a bookmaking
6,金,gold
7,火,fire
8,萄,grape
9,寫,write
10,傘,umbrella
11,寄宿舍,boarding house
12,曜,burn
13,主,master
14,一月,January
15,中國,China
16,看,Look.
17,火曜日,obsidian day
18,鮮,fresh
19,表,watch
20,十一月,November
21,昨,yesterday
22,水曜,water observation
23,九月,September
24,機,machine
25,突房,an out-of a house
26,銀,silver
27,轉車,change trains
28,社員,a member
29,職員,staff
30,銀行員,banker
31,膾,popularity
32,携,carry
33,野菜,wild vegetables
34,發,emit
35,沙果,fruit of sand fruit
36,褐,brown
37,理,reason
38,堂,class
39,三月,March
40,病院,a hospital
41,淸,clear
42,結,conclude
43,中,hit the wind
44,鳴動,chime
45,自轉,spin
46,薇,wee
47,乳,milk
48,百貨,department store
49,臺,platform
50,放學,leave school
51,薔,rose
52,投票,cast one's ballot
53,劇場,theater
54,冷,cold
55,番號,designation
56,外,outside
57,鉛,lead
58,學校,school
59,院,yard
60,藏,hide
61,紅茶,black tea
62,轉,turn
63,地下,underground
64,社,company
65,動,move
66,場,yard
67,遞局,delivery department
68,床,bed
69,姓銜,title
70,韓,Korean
71,書,book
72,生鮮,fresh
73,行機,action
74,婚,get married
75,員,crew
76,本語,one's native language
77,百,hundred
78,寄宿,board
79,秋夕,autumn evening
80,圖,plan
81,者,person
82,家,home
83,漢拏山,Mt. Hanyeol Mountain
84,休,break
85,貨店,a shop
86,葉,leaf
87,市,market
88,男子,a man
89,務,do
90,只今,only now
91,包,bag
92,駐車,parking
93,冊房,a bookshop
94,間表,an interval table
95,樂,pleasant
96,紅,red
97,等,Wait.
98,門,door
99,新,fresh
100,辭,decline
101,紙匣,a paper box
102,女同生,a coed student
103,運動,exercise
104,旅行社,travel agency
105,木曜日,obsidian day
106,便,be convenience
107,州,a state
108,職業,occupation
109,美,pretty
110,所,circumstance
111,登,mount
112,室,chamber
113,仁川,"Incheon, Republic of"
114,飛行,fly
115,日曜,observation
116,木,wood
117,麥,wheat
118,硏究,study
119,用,use
120,大,big
121,鐵,iron
122,姓,family name
123,英國,the United Kingdom
124,住,Stay.
125,其,that
126,粧,make up
127,匣,box
128,宿題,a long-standing problem
129,其他,Other
130,土,earth
131,工夫,effort
132,濟州島,Jeju Island
133,暇,spare time
134,悶,stuffy
135,事務室,office
136,水曜日,obsidian day of water
137,時計,a time
138,藥局,pharmacy
139,溫突,warm
140,護,protect
141,化粧,make-up
142,駐車場,parking lot
143,拳道,kwondo; kwondo.
144,十月,October
145,眞,Really?
146,時間,time
147,窓,窓
148,計,plan
149,週末,weekend
150,電話番號,a telephone number
151,蹴,kick
152,等學,wait for a lesson
153,高等學,higher learning
154,韓服,hanbok
155,服,comply
156,粧室,dressing room
157,水,water
158,等學生,wait for a student
159,男,man
160,試驗,experiment
161,恒常,constantly
162,椅子,chair
163,綠色,green
164,四,four
165,運,carry
166,口頭,a word of mouth
167,四月,April
168,外國,foreign country
169,大學,university
170,山,mountain
171,飛,fly
172,藥,medicine
173,灰色,grayish
174,英,English
175,生日,birthday
176,點心,confection
177,國語,national language
178,日本,Japan
179,間,sometime
180,沙,sand
181,市廳,city hall
182,郵遞,mail delivery
183,銜,title
184,鮮膾,fresh meat
185,女同,a girl's
186,書館,a library
187,寄,send
188,話番號,the number of words
189,師,master
190,市場,market
191,萬,ten thousand
192,案內,the inside
193,常,all the time
194,地下鐵驛,subway station
195,掃,sweep
196,內,inside
197,廳,office
198,泳,swim
199,生,bear
200,洲,continental
201,遞,hand over
202,家族,family
203,心,heart
204,仁川空,Incheon Airport
205,跆,kick
206,親舊,close friendship with the old.
207,質問,question
208,工,engineer
209,鐵驛,a railroad station
210,醫,heal
211,小包,a small bag
212,料理師,cook
213,十一,eleven
214,館,gallery
215,午前,before noon
216,感,feel
217,自,self
218,約束,constrain
219,漢拏,Chinese yam
220,港,harbor
221,夫,husband
222,每,every time
223,看護,nurse
224,鳴,chime
225,話,a word
226,濠,a mountain
227,下鐵,cast iron
228,汽,steam
229,音樂,music
230,康,fit
231,電話,Phone number.
232,初等學,elementary school
233,空港,an air port
234,車場,a parking lot
235,色,colour
236,線,thread
237,今,this day
238,放,let slide
239,族,family
240,語,language
241,逸,loose
242,韓國語,Korea language
243,週,week
244,案,plan
245,拳,punch
246,公,public
247,務室,office
248,大學生,a college student
249,三,three
250,曜日,observation day
251,蹴球,kick a ball
252,街,street
253,地,earth
254,川,stream
255,飮,飮
256,川空港,Sichuan Airport
257,葉書,leaf book
258,金曜日,a golden day
259,綠茶,green tea
260,籍,register
261,號線,line
262,前,background
263,敎室,classroom
264,初等,elementary school
265,記,record
266,票,ticket
267,五月,May.
268,金曜,gold observation
269,街坊,neighborhood
270,十二,twelve
271,試,experimentally
272,空冊,an empty book
273,會,"Yes, sir."
274,聞,smell
275,携帶,carry
276,午,afternoon
277,濟,save
278,號,number
279,利用,make use
280,野,wild
281,球,ball
282,飛行機,a flying machine
283,溫,warm
284,寫眞,photograph
285,行員,clerk
286,國籍,nationality
287,來日,the next day
288,校,school
289,月曜日,obsidian day
290,宿舍,hostel
291,韓國,韓國
292,洗,wash
293,十二月,December
294,果,fruit
295,麵,countenance
296,高等,advanced
297,灰,dust
298,冷麵,cold noodles
299,運轉,run
300,典,book
301,口,mouth
302,木曜,observation
303,地下鐵,subway
304,雨傘,umbrella
305,圖書,book
306,土曜,earth observation
307,子,son
308,市內,the inner city
309,自主,independence
310,敎,teach
311,跆拳道,kickboxing
312,醫師,Doctor.
313,登山,climb a mountain
314,住所,residence
315,事,event
316,牛,cattle
317,末,the last
318,感氣,be moved by
319,究員,researcher
320,出,come out
321,旅行,travel
322,舊,old days
323,至難,the greatest difficulty
324,麥酒,ale
325,本,book
326,寢臺,bedside
327,園,garden
328,記者,a journalist
329,一,one
330,年,year
331,筆,brush
332,新聞,news
333,日記,diary
334,冷藏,refrigeration
335,氣分,air
336,分,share
337,每日,every day
338,道,way
339,濟州,Jeju Island
340,日本語,Japanese language
341,投,cast
342,酒,wine
343,頭,head
344,自轉車,a revolving car
345,藏庫,a repository
346,拏,拏
347,仁,benevolence
348,硏,study
349,庫,bank
350,火曜,fire observation
351,州島,a state island
352,昨年,last year
353,十萬,one hundred thousand
354,月,month
355,鉛筆,pencil
356,事務,business
357,漢,Chinese
358,問,ask
359,葡,Portuguese
360,來,Come on.
361,利,benefit
362,綠,green
363,牛乳,milk
364,土曜日,obsidian day
365,洗濯,wash
366,至,come to
367,洗濯所,a washing house
368,帶,carry
369,飮食,食eat
370,電,electricity
371,女子,a woman
372,薔薇,rose
373,辭典,dictionary
374,濯所,a washroom
375,菜,dish
376,料,material
377,驗,check
378,食,eat
379,難,difficult
380,椅,chair
381,劇,dramatic
382,郵遞局,post office
383,點,point
384,日曜日,obsidian day
385,下鐵驛,get off at a railroad station
386,番,several times
387,料金,material gold
388,葡萄,grape
389,會社,association
390,雨,rain
391,車,car
392,釜,kettle
393,學生,student
394,高,be high
395,結婚,get married
396,旅,brigades
397,英語,English
398,病,illness
399,健,strong
400,畵,paint
401,突,out of heart
402,時間表,timetable
403,公園,park
404,行社,a local government
405,職,duty
406,月曜,observation
407,貨,article
408,看護師,nurse
409,業,industry
410,男便,a man's stool
411,溫突房,thermal shock chamber
412,空,empty
413,苦,bitter
414,二月,February
415,理師,a management officer
416,褐色,brownish
417,話番,the last word
418,苦悶,anguish
419,淸掃,clean up
420,氣,air
421,題,title
422,小,small
423,化,change
424,音,sound
425,帽,hat
426,只,only
427,學,learn
428,女,woman
429,百貨店,department store
430,釜山,"Busan, Republic of"
431,夕,evening
432,窓門,门door
433,中學生,a middle school student
434,跆拳,kickboxing
435,店,shop
436,同生,be of the same birth
437,茶,tea
438,局,department
439,獨逸,be alone
440,究,investigate
441,水泳,swim in the water
442,二,two
443,他,him
444,拏山,a mountain
445,泳場,swimming pool
446,郵,mail
447,映,reflect
448,行,"Yes, sir."
449,食堂,dining room
450,料理,cook
451,時,time
452,九,nine
453,束,bundle
454,映畵,picture
455,中學,secondary school
456,紙,paper
457,中國語,Chinese language
458,房,house
459,出發,Let's go.
460,美國,the United States
461,冷藏庫,cold storage
462,仁川空港,Incheon Airport
463,同,agree
464,濠洲,"Hao Chau, New Territories"
465,汽車,an automobile
466,休暇,break
467,國,country
468,化粧室,make-up
469,初等學生,elementary school student
470,硏究員,researcher
471,十,ten
472,下,drop
473,宿,bed
474,野球,a wild ball
475,親,close
476,銀行,bank
477,驛,post
478,恒,constant
479,質,quality
480,圖書館,library
481,駐,stop
482,帽子,hat
483,島,island
484,便紙,paper
485,電話番,a telephone operator
486,午後,afternoon
487,高等學生,a college student
488,坊,circle
489,五,fives
490,健康,health
491,水泳場,a swimming pool
492,約,agree
493,會社員,a member of a society
494,川空,the sky of the river
495,週日,Sunday
496,後,afterwards
497,寢,bed
498,日,day
499,舍,abode
500,濯,wash
501,護師,nurse
0,䖚,䖚
1,威,dignity
2,牧,pasture
3,蒮,蒮
4,愾,harden
5,㥶,㥶
6,㜹,㜹
7,挓,挓
8,滶,滶
9,狠,hard
10,蛖,蛖
11,畂,畂
12,㥔,㥔
13,洦,洦
14,牑,牑
15,卙,卙
16,巉,crag
17,繖,this way
18,旇,旇
19,舏,舏
20,屍,dead body
21,鷴,pheasant
22,矠,矠
23,垣,fence
24,倚,lean on
25,蔿,蔿
26,荆,thorns
27,孔,a hole
28,啧,with a button
29,櫡,櫡
30,漆,paint
31,颷,颷
32,釲,釲
33,缥,be in the air
34,碮,碮
35,怲,怲
36,尓,you
37,哤,哤
38,棛,棛
39,岖,rugged
40,熐,熐
41,瑳,瑳
42,赇,赇
43,炳,bright
44,霂,a full house
45,帝,emperor
46,㐈,㐈
47,粂,粂
48,宍,宍
49,齑,break
50,闓,open
51,鶍,鶍
52,厡,厡
53,弬,弬
54,摽,stick together
55,袁,circle
56,怟,怟
57,䠡,䠡
58,虒,虒
59,斪,斪
60,笻,笻
61,冥,faintly
62,甧,甧
63,氝,氝
64,狲,spread
65,鼥,鼥
66,劸,劸
67,翰,chap
68,戠,all over the world
69,埤,basin
70,媧,Wa of a feather
71,姨,aunt
72,塝,塝
73,卑,humble
74,鸲,red robin
75,蠼,earwig
76,㴕,㴕
77,内,inside
78,鞑,bear
79,㸢,㸢
80,膒,膒
81,痧,scour
82,䁒,䁒
83,穑,cultivate
84,狤,狤
85,幖,幖
86,䐮,䐮
87,葈,葈
88,䎽,䎽
89,簑,coo
90,猂,猂
91,䳍,䳍
92,捍,defend
93,镺,镺
94,瓯,ou
95,谢,decline
96,䀲,䀲
97,㹝,㹝
98,委,delegate
99,叞,叞
100,㛏,㛏
101,䜒,䜒
102,鯿,go to one's sake
103,並,together
104,熒,glimmer
105,狾,cattle
106,拱,arch
107,賒,credit
108,絻,絻
109,㤇,㤇
110,瑅,瑅
111,㕐,㕐
112,腮,cheek
113,費,cost
114,擆,擆
115,笧,笧
116,媞,bear
117,㻙,㻙
118,異,different
119,邛,bear
120,旛,旛
121,椪,come to the surface
122,郱,郱
123,髣,髣
124,䤏,䤏
125,笶,笶
126,婔,婔
127,柌,柌
128,芫,coriander
129,䥼,䥼
130,鬥,fight
131,詖,詖
132,蜲,蜲
133,鋬,鋬
134,㣤,㣤
135,䂁,䂁
136,䶨,䶨
137,芊,break
138,述,tell
139,衵,衵
140,直員,direct member
141,廼,廼
142,墦,墦
143,驃,hussy
144,费,cost
145,诗,poem
146,笹,笹
147,髮,emit
148,㔭,㔭
149,䗐,䗐
150,圌,圌
151,母,mother
152,茇,茇
153,皫,皫
154,䜺,䜺
155,蹭,rub
156,䯸,䯸
157,灐,灐
158,薾,薾
159,偹,偹
160,逺,逺
161,偍,偍
162,緐,緐
163,鐽,鐽
164,㐞,㐞
165,熱,hot
166,砂,sand
167,䞽,䞽
168,肔,肔
169,䡟,䡟
170,翲,翲
171,籭,籭
172,鄪,鄪
173,钔,chime
174,笇,笇
175,鼶,鼶
176,䔶,䔶
177,㐅,㐅
178,瀦,catch
179,瘷,瘷
180,汗,sweat
181,㵔,㵔
182,蜡,wax
183,鈨,鈨
184,旹,旹
185,妴,妴
186,暥,暥
187,瀪,瀪
188,蛇,snake
189,鵧,鵧
190,勃,rough
191,墢,墢
192,揑,to bevel
193,挩,挩
194,贲,sound
195,跃,leap
196,懼,fear
197,晼,晼
198,㪋,㪋
199,秠,秠
200,魬,魬
201,虨,虨
202,傆,傆
203,䢜,䢜
204,溢,overflow
205,抈,抈
206,慓,慓
207,䃓,䃓
208,夷,banish
209,鴯,emulation
210,豻,豻
211,毓,be fullness
212,駌,駌
213,笱,overpowering
214,千,thousand
215,㚰,㚰
216,㞈,㞈
217,㬳,㬳
218,瀚,vast
219,䪬,䪬
220,蓛,蓛
221,蘩,have a purpose
222,妢,妢
223,嵶,嵶
224,苡,long ago
225,貔,brave
226,䂅,䂅
227,洴,洴
228,汉,Chinese
229,㣱,㣱
230,榜,list
231,贳,贳
232,浯,angle
233,綍,綍
234,覵,覵
235,㔈,㔈
236,湲,湲
237,荸,water chestnut
238,吴,Oh!
239,匙,spoon
240,犤,犤
241,銆,the whole world
242,㳪,㳪
243,䆤,䆤
244,䖃,䖃
245,譛,譛
246,偲,class
247,珥,call
248,肂,肂
249,伴,companion
250,槩,槩
251,篻,篻
252,㿎,㿎
253,洊,洊
254,槶,槶
255,绑,bind
256,涠,weave
257,㮣,㮣
258,亖,亖
259,錺,錺
260,豶,豶
261,炯,burn
262,䬧,䬧
263,餷,餷
264,㭟,㭟
265,灺,灺
266,敇,敇
267,汸,汸
268,耜,cattle
269,奈,barely
270,㜞,㜞
271,颶,hurriches
272,㗏,㗏
273,彼,that
274,倽,倽
275,䯯,䯯
276,鏼,鏼
277,䶂,䶂
278,鰁,鰁
279,廊,gallery
280,傡,傡
281,朆,朆
282,䨷,䨷
283,賖,賖
284,䔈,䔈
285,絆,stumble
286,䃟,䃟
287,唆,instigate
288,䒲,䒲
289,壹,one
290,伯,uncle
291,痠,sour
292,娲,Wa of a feather
293,朑,朑
294,厍,an area of water
295,䮺,䮺
296,蚱,grasshopper
297,塮,塮
298,涅,naught
299,䇺,䇺
300,翄,翄
301,偽,sham
302,隶,subordinate
303,鸣,chime
304,愿,wish
305,㓸,㓸
306,䤯,䤯
307,銲,soldering board
308,頓,break
309,㢮,㢮
310,䠶,䠶
311,㪚,㪚
312,㐂,㐂
313,㫚,㫚
314,逗,make fun out of
315,济,save
316,殴,beat
317,駈,駈
318,睼,睼
319,㢲,㢲
320,氚,tritium
321,㴲,㴲
322,蠩,蠩
323,改,alter
324,睦,harmonious
325,圄,jail
326,期,date
327,欋,欋
328,黺,黺
329,蓜,蓜
330,粫,粫
331,㡳,㡳
332,杦,杦
333,斉,斉
334,唶,唶
335,萗,萗
336,珆,珆
337,亠,亠
338,楲,楲
339,漂,float
340,狉,狉
341,惌,惌
342,庎,庎
343,髲,髲
344,呴,呴
345,㑪,㑪
346,蒜,garlic
347,瘢,scar
348,趄,crumble
349,堉,still
350,禴,禴
351,疸,be ill-tempered
352,㫉,㫉
353,汌,汌
354,竏,竏
355,共,altogether
356,反,counter
357,㰪,㰪
358,遮,cover
359,伫,still
360,氏,the last year
361,㳟,㳟
362,䃲,䃲
363,虦,虦
364,䨑,䨑
365,埪,埪
366,魦,魦
367,騈,騈
368,隦,隦
369,坶,mat
370,鞁,鞁
371,嘳,嘳
372,绨,old-fashioned
373,㿑,㿑
374,毭,毭
375,䚶,䚶
376,饴,enjoy
377,㖇,㖇
378,崣,崣
379,艬,艬
380,砵,port
381,㨢,㨢
382,异,different
383,犚,犚
384,贵,expensive
385,絿,絿
386,抦,抦
387,噆,噆
388,驫,驫
389,絁,絁
390,盃,cup
391,潑,rash
392,蕵,蕵
393,藯,藯
394,㓳,㓳
395,㞔,㞔
396,臼,mortar
397,逬,逬
398,乨,乨
399,毸,毸
400,視聽,audiovisual observation
401,嗷,whine
402,潵,a back road
403,嫻,excel
404,驐,驐
405,奃,奃
406,鳼,鳼
407,髸,髸
408,鋍,鋍
409,躷,躷
410,细,detailed
411,辈,generation
412,㢒,㢒
413,㶨,㶨
414,䤵,䤵
415,帮,help
416,葯,medicine
417,霶,霶
418,困,feel sleepy
419,䡧,䡧
420,顸,thick
421,飔,飔
422,欍,欍
423,嫄,嫄
424,囸,囸
425,蓡,蓡
426,䂠,䂠
427,什,what
428,斊,斊
429,㽛,㽛
430,嶴,嶴
431,䬽,䬽
432,暟,暟
433,岣,Gosausee; Gosausee; Gosausee; Gosausee
434,㻗,㻗
435,顋,顋
436,荗,荗
437,趶,趶
438,㩐,㩐
439,㛘,㛘
440,琖,琖
441,舫,float
442,婢,handmaid
443,焷,焷
444,凱,"- Hey, sir."
445,纹,grain
446,紁,紁
447,偖,偖
448,觩,觩
449,䁗,䁗
450,泶,泶
451,纷,clash
452,笓,笓
453,齇,country
454,薭,薭
455,賯,賯
456,匚,one's status
457,㯏,㯏
458,䋦,䋦
459,㢫,㢫
460,屨,return
461,蕆,蕆
462,主日,Sunday
463,眍,deep
464,簈,簈
465,工員,crew
466,䫤,䫤
467,盆,bowl
468,龟,turtle
469,玖,nine
470,僞,sham
471,䲫,䲫
472,㰆,㰆
473,㽨,㽨
474,禇,禇
475,夁,夁
476,酸,sour
477,䣛,䣛
478,孫,grandchild
479,箷,箷
480,駹,駹
481,俳,a haiku; a haiku.
482,慐,慐
483,邇,near
484,瑩,(Anna)
485,斁,斁
486,䵊,䵊
487,遘,fall in
488,蹝,蹝
489,酛,酛
490,鋜,鋜
491,㯉,㯉
492,䉈,䉈
493,药,medicine
494,埡,a mountain pass
495,吻,kiss
496,炦,炦
497,哜,swarmy
498,蚌,clam
499,䳁,䳁
500,辵,辵
501,戤,戤
502,援,support
503,琾,琾
504,鉇,鉇
505,秚,秚
506,逶,winding
507,㡱,㡱
508,䴼,䴼
509,螷,螷
510,燔,burn
511,覗,覗
512,䂵,䂵
513,垪,垪
514,藨,ribes
515,夠,enough
516,倴,倴
517,麲,麲
518,薸,薸
519,㖶,㖶
520,些,a little bit
521,头,head
522,箢,箢
523,䫨,䫨
524,刖,run off the water
525,怑,怑
526,倒,fall off
527,鸳,Chinese mandarin
528,䏷,䏷
529,䞄,䞄
530,䐤,䐤
531,䛄,䛄
532,䱿,䱿
533,陡,abruptly
534,斐,extraordinary
535,頨,頨
536,㗮,㗮
537,䈂,䈂
538,娙,娙
539,赝,sham
540,䐣,䐣
541,柿,dried persimmon
542,䫅,䫅
543,兄,elder brother
544,潡,潡
545,乆,乆
546,櫫,discover
547,瑏,瑏
548,䊦,䊦
549,寒,cold
550,飚,fly
551,际,brink
552,齐,all
553,瓰,瓰
554,㲃,㲃
555,礻,礻
556,鄙,despise
557,妨,harm
558,桟,桟
559,㐻,㐻
560,盞,bowl
561,䫢,䫢
562,奲,奲
563,硰,硰
564,标,mark
565,猪,pig
566,踷,踷
567,褆,stony
568,䎟,䎟
569,歪,be crooked
570,佇,still
571,遻,遻
572,逊,be inferiority
573,墋,墋
574,䠧,䠧
575,惭,ashamed
576,㱝,㱝
577,㠹,㠹
578,澣,澣
579,胃,stomach
580,䬠,䬠
581,䵦,䵦
582,衺,衺
583,次,second
584,䣃,䣃
585,㓦,㓦
586,欨,欨
587,苴,Yes.
588,騵,騵
589,䳃,䳃
590,謗,slander
591,贡,pay tribute
592,姗,slow
593,䔑,䔑
594,捨,abode
595,䍐,䍐
596,蕃,wild
597,䛷,䛷
598,輽,輽
599,飃,飃
600,燀,燀
601,姒,make a personally
602,齪,dirty
603,肞,肞
604,俷,俷
605,蘥,蘥
606,跻,break
607,集,gather
608,鉞,again
609,䤫,䤫
610,㺫,㺫
611,雧,雧
612,渄,渄
613,騙,deceive
614,㑥,㑥
615,珬,珬
616,洱,er
617,鈵,鈵
618,衃,衃
619,泆,泆
620,珶,珶
621,䯔,䯔
622,䢸,䢸
623,迮,respect
624,䏢,䏢
625,訯,訯
626,鎧,armour
627,鯾,鯾
628,䰁,䰁
629,眗,眗
630,伞,umbrella
631,墛,墛
632,䵻,䵻
633,鯊,shark
634,愳,愳
635,㶆,㶆
636,鲚,brood
637,糒,糒
638,师,master
639,扞,defend
640,豍,豍
641,䖠,䖠
642,墺,墺
643,㐾,㐾
644,沜,沜
645,椮,椮
646,䉯,䉯
647,軧,軧
648,嵵,嵵
649,嘥,put on the back burner
650,䣵,䣵
651,趆,趆
652,䃴,䃴
653,㵒,㵒
654,磾,磾
655,俣,one's first
656,㰑,㰑
657,闅,闅
658,疲困,be tired and sleepy
659,倭,Japanese army
660,峖,峖
661,阺,阺
662,熋,熋
663,爚,爚
664,眱,眱
665,皆,all
666,苩,苩
667,刵,刵
668,邳,邳
669,吾,my
670,榘,upright
671,㖹,㖹
672,扯,cuff
673,迆,fresh water
674,舎,舎
675,㳑,㳑
676,倍,double
677,噠,clatter
678,猹,猹
679,扠,扠
680,轏,轏
681,絠,絠
682,瀊,瀊
683,辝,辝
684,䰺,䰺
685,储,save
686,䓊,䓊
687,䮅,䮅
688,閱,read
689,使,assign
690,蠜,蠜
691,厗,厗
692,媲,comparable to
693,囹,ensign
694,魵,魵
695,毚,毚
696,髀,back off
697,㺴,㺴
698,䑵,䑵
699,吳,Oh!
700,穿,fit
701,穛,穛
702,参,participate
703,虀,虀
704,㜛,㜛
705,荥,the Xing dynasty
706,躎,躎
707,梆,clap
708,泎,泎
709,䊄,䊄
710,死前,before one's death
711,饙,饙
712,炖,stew
713,䏗,䏗
714,娨,娨
715,紋,grain
716,雦,雦
717,構,frame
718,羝,electricity
719,饨,bowl
720,算,count
721,葅,葅
722,飩,bowl
723,脐,umbilical cord
724,堏,堏
725,昫,昫
726,㡚,㡚
727,偾,rake
728,兡,兡
729,栱,栱
730,䣇,䣇
731,㯁,㯁
732,㪷,㪷
733,䜑,䜑
734,暃,暃
735,肦,肦
736,䧱,䧱
737,廄,stable
738,攀,clamber
739,朌,朌
740,飴,enjoy
741,䳹,䳹
742,伾,伾
743,玐,玐
744,麝,musk deer
745,上,mount
746,淯,淯
747,骶,sacrum
748,驅,drive
749,㔟,㔟
750,㘗,㘗
751,赔,make amply
752,㺥,㺥
753,腓,fibula; fibula; fibula
754,䎠,䎠
755,祭,sacrifice
756,䬫,䬫
757,㵸,㵸
758,暆,暆
759,滛,滛
760,䑱,䑱
761,㯃,㯃
762,㙎,㙎
763,㺕,㺕
764,酘,酘
765,㐶,㐶
766,鮚,鮚
767,㑨,㑨
768,㔑,㔑
769,萆,be different colors
770,㗕,㗕
771,㥐,㥐
772,睤,睤
773,硿,硿
774,邗,bank
775,錾,chisel
776,颁,award
777,閑,leisure
778,洏,洏
779,箆,箆
780,龔,public service
781,吤,吤
782,穯,穯
783,䳱,䳱
784,妪,woman
785,咭,card
786,簅,簅
787,緹,twine
788,衏,衏
789,篟,篟
790,軷,軷
791,湤,湤
792,韑,韑
793,韩,Korean
794,聏,聏
795,䍈,䍈
796,歋,歋
797,佾,the Holy Grail
798,㕽,㕽
799,鼢,鼢
800,颹,颹
801,違,go against
802,馓,compound
803,㢖,㢖
804,㟁,㟁
805,脝,rough
806,兝,兝
807,聥,聥
808,蒍,蒍
809,渒,渒
810,鱍,鱍
811,弙,弙
812,䝭,䝭
813,䪃,䪃
814,伺,wait on
815,戌,eight
816,垾,垾
817,㚸,㚸
818,軥,軥
819,卫,defend
820,蛻,lose one's skin
821,腃,腃
822,蝯,蝯
823,㫨,㫨
824,岄,岄
825,螕,螕
826,䩁,䩁
827,㻰,㻰
828,柀,柀
829,嵳,嵳
830,㚷,㚷
831,㥇,㥇
832,滮,滮
833,粪,dung
834,肶,肶
835,阫,阫
836,旊,旊
837,蜱,tick
838,橔,橔
839,寇,rebel
840,㟫,㟫
841,笪,David.
842,㸷,㸷
843,㻤,㻤
844,岨,岨
845,趸,all
846,擠,squeeze
847,䜵,䜵
848,鰙,鰙
849,握,hold
850,抠,dig
851,䣲,䣲
852,错,be wrong
853,朐,law
854,已,already
855,㯅,㯅
856,粵,canton
857,㚱,㚱
858,蹉,lose one's fingers
859,庅,庅
860,谝,flatter
861,貯,save
862,哼,hmmmmmmmmmmm
863,騴,騴
864,肍,肍
865,辻,辻
866,谓,call
867,瓸,瓸
868,㱕,㱕
869,䕆,䕆
870,㽜,㽜
871,灛,灛
872,恖,恖
873,䑎,䑎
874,衡,weigh
875,㓟,㓟
876,悙,悙
877,攙,absorb
878,䀟,䀟
879,韙,condemn
880,疿,疿
881,祘,祘
882,䳙,䳙
883,赐,confer
884,桏,桏
885,㺵,㺵
886,嬱,嬱
887,懣,anger
888,帛,silk
889,粊,粊
890,问,ask
891,璈,璈
892,㗱,㗱
893,簲,簲
894,躉,all
895,飧,bowl
896,塹,cut
897,篨,篨
898,排,line up
899,苎,ramie
900,眆,眆
901,彞,one's wife
902,粉,powder
903,㼢,㼢
904,䨃,䨃
905,鶸,鶸
906,豚,dolphin
907,舭,bilge
908,齟,break
909,蛵,蛵
910,幓,幓
911,躣,躣
912,坾,坾
913,䇽,䇽
914,恺,pleasant
915,㻻,㻻
916,耳,ear
917,鉶,鉶
918,栬,栬
919,踐,practice
920,䪛,䪛
921,玔,玔
922,醦,醦
923,㨮,㨮
924,奓,奓
925,诟,criticize
926,秊,秊
927,軿,軿
928,蠯,蠯
929,攽,攽
930,髟,a saddle
931,羠,羠
932,沮,be depressed
933,䍆,䍆
934,阌,be ready for action
935,引渡,deliver
936,唓,唓
937,葠,Tell me.
938,賁,sound
939,㿡,㿡
940,涚,涚
941,具,set afoot
942,䒤,䒤
943,衈,衈
944,䫒,䫒
945,貢,pay tribute
946,到,Here we go.
947,昲,昲
948,浢,浢
949,㟼,㟼
950,闼,excel
951,郚,郚
952,䬷,䬷
953,䈈,䈈
954,㠯,㠯
955,陘,a steep hill
956,枸,Chinese wolf
957,㖐,㖐
958,邧,邧
959,蹯,weave
960,䤰,䤰
961,蓑,coo
962,匂,匂
963,䡝,䡝
964,铒,erbium; erbium
965,驲,驲
966,㲡,㲡
967,㶿,㶿
968,顨,顨
969,钥,key
970,㒓,㒓
971,撥,set afoot
972,䬮,䬮
973,儕,class
974,㬓,㬓
975,蔸,蔸
976,䮧,䮧
977,䴅,䴅
978,䜼,䜼
979,怡,pleasant
980,譬,example
981,韆,thousand
982,視界,horizon
983,蒇,蒇
984,㓲,㓲
985,複,reply
986,迁,move
987,箬,feel
988,焙,bake
989,達,attain
990,䲩,䲩
991,鴮,鴮
992,壭,壭
993,䇨,䇨
994,鋀,鋀
995,揹,carry
996,未,not yet
997,而,while
998,魨,puffer
999,敂,敂
1000,遷,move
1001,蹅,蹅
1002,瞉,瞉
1003,䴠,䴠
1004,䢛,䢛
1005,胚,embryo
1006,鐨,鐨
1007,疓,疓
1008,戵,戵
1009,嚌,swarmy
1010,跩,waddle
1011,䛱,䛱
1012,嵨,嵨
1013,私,privately
1014,䩘,䩘
1015,缾,缾
1016,哱,哱
1017,摳,dig
1018,嘶,hiss
1019,浗,浗
1020,鷭,鷭
1021,贠,贠
1022,臶,臶
1023,㑘,㑘
1024,軰,軰
1025,炍,炍
1026,笥,one's best friend
1027,膀,arm
1028,悮,悮
1029,詆,slander
1030,㡹,㡹
1031,軏,軏
1032,䶦,䶦
1033,翅,wing
1034,䭯,䭯
1035,奮,burn
1036,㢽,㢽
1037,罕,rare
1038,鼾,snore
1039,仟,thousand
1040,備,arrange
1041,㼀,㼀
1042,啻,as much as
1043,捠,捠
1044,恲,恲
1045,徣,徣
1046,枋,a place of a building
1047,殔,殔
1048,熨,iron
1049,癯,be thin
1050,爂,爂
1051,䀸,䀸
1052,洤,洤
1053,偨,偨
1054,媛,elegant
1055,斗,fight
1056,華,fancy
1057,䁟,䁟
1058,臕,臕
1059,并,together
1060,勡,勡
1061,㤓,㤓
1062,策,plan
1063,䶐,䶐
1064,砘,bury
1065,㤪,㤪
1066,䫶,䫶
1067,䲸,䲸
1068,鼋,soft-shelled turtle
1069,玝,玝
1070,飤,飤
1071,竘,竘
1072,玤,玤
1073,誤,make a mistake
1074,辬,辬
1075,鞲,six-year-grabbing
1076,䛐,䛐
1077,瘭,瘭
1078,蛝,蛝
1079,㥫,㥫
1080,柹,柹
1081,匓,匓
1082,㦣,㦣
1083,㣇,㣇
1084,䈮,䈮
1085,彄,彄
1086,贮,save
1087,撉,撉
1088,䳼,䳼
1089,䗕,䗕
1090,賦,award
1091,䥽,䥽
1092,磛,磛
1093,䥉,䥉
1094,慹,慹
1095,示,show
1096,㕩,㕩
1097,姐,elder sister
1098,䵍,䵍
1099,跔,跔
1100,坌,eat
1101,嗏,嗏
1102,庉,庉
1103,尸,dead body
1104,意,intention
1105,紵,chrysanthemum
1106,駬,駬
1107,汙,dirt
1108,剶,剶
1109,㯹,㯹
1110,遨,fly
1111,䰉,䰉
1112,䰈,䰈
1113,駆,駆
1114,緶,緶
1115,懷,bear
1116,娴,excel
1117,史,history
1118,庀,be open up; blindfolds
1119,榌,榌
1120,鈸,cymbals
1121,柤,柤
1122,㓚,㓚
1123,㢯,㢯
1124,㣈,㣈
1125,樧,樧
1126,䵶,䵶
1127,霰,graupel
1128,葳,a Buddhist temple
1129,塄,bank
1130,蓍,yarrow
1131,坞,dock
1132,摲,摲
1133,㯼,㯼
1134,殬,殬
1135,䔒,䔒
1136,魰,魰
1137,怐,怐
1138,郂,郂
1139,甚,pretty much
1140,㮎,㮎
1141,迥,completely
1142,辑,compile
1143,抷,抷
1144,哟,"Oh, my dear."
1145,㐜,㐜
1146,痘,whelk
1147,牓,牓
1148,牻,牻
1149,眲,眲
1150,㴬,㴬
1151,濐,濐
1152,傺,look at
1153,邱,high
1154,㨌,㨌
1155,靅,靅
1156,細,detailed
1157,蛣,蛣
1158,酾,酾
1159,恭,polite
1160,斺,斺
1161,纅,纅
1162,目,aim
1163,妚,妚
1164,僩,僩
1165,䊛,䊛
1166,渭,respect
1167,䩊,䩊
1168,縅,縅
1169,殍,death
1170,偙,偙
1171,侸,侸
1172,䶩,䶩
1173,鼇,鼇
1174,揙,揙
1175,窶,poor
1176,趽,趽
1177,㔇,㔇
1178,宁,rather
1179,匪,bandits
1180,狏,狏
1181,䜤,䜤
1182,嫗,woman
1183,羳,羳
1184,轓,轓
1185,㯣,㯣
1186,剅,剅
1187,蚞,蚞
1188,䅭,䅭
1189,偧,偧
1190,賕,賕
1191,剀,be sincere
1192,䁃,䁃
1193,䙡,knot
1194,薳,薳
1195,舢,barge
1196,㟥,㟥
1197,鉈,thallium
1198,勼,勼
1199,襖,coat
1200,底,bottom
1201,葾,葾
1202,㷉,㷉
1203,㨈,㨈
1204,仈,仈
1205,㯯,㯯
1206,潺,murmur
1207,嵯,rough
1208,涁,涁
1209,緋,frivolupt
1210,屛,屛
1211,耐,bear
1212,㸺,㸺
1213,齄,country
1214,䞣,䞣
1215,䪟,䪟
1216,焍,焍
1217,蒨,蒨
1218,藞,藞
1219,製,set afoot
1220,螄,lion
1221,䙓,䙓
1222,㻵,㻵
1223,褚,ch's head
1224,飇,rasphemy
1225,郆,郆
1226,湝,湝
1227,鰣,shad
1228,蔜,蔜
1229,倂,倂
1230,㠁,㠁
1231,㺰,㺰
1232,旁,side
1233,諀,諀
1234,垲,垲
1235,鶳,鶳
1236,摨,摨
1237,䦠,䦠
1238,䂘,䂘
1239,䦹,䦹
1240,䘼,䘼
1241,棐,棐
1242,緯,weave
1243,侟,侟
1244,貢賦,gift
1245,詀,詀
1246,鶛,鶛
1247,喳,murmur
1248,叐,叐
1249,佊,son
1250,蝛,蝛
1251,曑,曑
1252,鶣,鶣
1253,㿫,㿫
1254,㣜,㣜
1255,䊓,䊓
1256,舅,uncle
1257,䰦,䰦
1258,㨟,㨟
1259,峗,峗
1260,餥,餥
1261,糤,糤
1262,柄,handle
1263,勫,background
1264,䲁,gun
1265,乍,all of a sudden
1266,荪,son of a tree
1267,輀,輀
1268,鶗,鶗
1269,鷃,鷃
1270,体,body
1271,鈚,鈚
1272,䊌,䊌
1273,巛,巛
1274,䑶,䑶
1275,拨,set afoot
1276,螵,螵
1277,嵾,嵾
1278,媻,媻
1279,䜞,䜞
1280,牥,牥
1281,陉,a steep hill
1282,瓶,bottle
1283,篧,篧
1284,槂,槂
1285,珿,珿
1286,疑,doubt
1287,铏,铏
1288,甹,甹
1289,傻,be foolish
1290,豉,black bean
1291,㾻,㾻
1292,堑,cut
1293,嫧,嫧
1294,痺,go to the ground
1295,羍,羍
1296,荐,commend
1297,嬶,嬶
1298,瘆,瘆
1299,鴝,red robin
1300,愇,愇
1301,玠,玠
1302,腨,腨
1303,䀒,䀒
1304,誹,slander
1305,䒌,䒌
1306,篣,篣
1307,㯱,㯱
1308,幝,幝
1309,岙,岙
1310,暵,暵
1311,灸,moxibustion
1312,砎,砎
1313,頇,thick
1314,䣜,䣜
1315,㨹,㨹
1316,銎,a rosette; a rosette.
1317,㡈,㡈
1318,䬶,䬶
1319,皻,皻
1320,蓓,bud
1321,剼,剼
1322,哵,哵
1323,畚,dust
1324,䡷,䡷
1325,杵,stick
1326,閳,閳
1327,㿍,㿍
1328,呉,呉
1329,蘁,蘁
1330,筯,筯
1331,蠧,蠧
1332,覭,覭
1333,帉,帉
1334,瑗,a family member
1335,靝,靝
1336,䅈,䅈
1337,䒔,䒔
1338,鄬,鄬
1339,世,world
1340,梴,梴
1341,鑰,key
1342,螔,螔
1343,拺,拺
1344,磋,practice
1345,俵,俵
1346,崭,excel
1347,駇,駇
1348,㵕,㵕
1349,炐,炐
1350,藷,藷
1351,翻,turn over
1352,狇,狇
1353,搒,搒
1354,㪡,㪡
1355,䞛,䞛
1356,弤,弤
1357,嘅,Yes.
1358,榠,榠
1359,㯗,㯗
1360,褽,褽
1361,箜,cuff
1362,畀,give a word
1363,䍤,䍤
1364,市長,the mayor
1365,聭,聭
1366,㝨,㝨
1367,糂,糂
1368,㤹,㤹
1369,㼮,㼮
1370,視,look at one's pleasure
1371,防,defend
1372,辕,shaft
1373,莎,dust
1374,佝,crouch
1375,餅,cake
1376,毆,beat
1377,儳,儳
1378,屣,an old shoe
1379,鯋,鯋
1380,䝳,䝳
1381,䉣,䉣
1382,蟡,蟡
1383,琵,spoon
1384,蚧,scale
1385,熕,熕
1386,苤,hour
1387,彜,彜
1388,浅,shallow
1389,泍,泍
1390,蚎,蚎
1391,㛖,㛖
1392,鏨,chisel
1393,犋,犋
1394,齨,齨
1395,嵼,嵼
1396,尉,ensign
1397,㬗,㬗
1398,莳,dope
1399,剂,powder
1400,毣,毣
1401,狵,狵
1402,沭,wash
1403,䙔,䙔
1404,铲,shovel
1405,坸,坸
1406,䄵,䄵
1407,䗙,䗙
1408,釰,釰
1409,朁,朁
1410,騧,騧
1411,氕,氕
1412,悌,gentle
1413,辿,辿
1414,旧,old days
1415,砒,arsenic
1416,雜,miscellaneous
1417,虄,虄
1418,㠾,㠾
1419,䣮,䣮
1420,葋,葋
1421,筛,sieve
1422,䶍,䶍
1423,贗,sham
1424,䶥,䶥
1425,騦,騦
1426,歍,歍
1427,蚯,earth
1428,驁,wild
1429,豕,a wild boar.
1430,顏,countenance
1431,袛,Yes.
1432,栢,light
1433,娛,entertain
1434,赜,ground
1435,箦,break
1436,斑,specknot
1437,胈,胈
1438,焞,焞
1439,躂,absorb
1440,沶,沶
1441,约,agree
1442,䊵,䊵
1443,㜗,㜗
1444,瀳,瀳
1445,畔,bank
1446,屎,Shit.
1447,䋔,䋔
1448,䊧,䊧
1449,㠗,㠗
1450,茋,茋
1451,囹圄,be imprisoned
1452,䲱,䲱
1453,䬨,䬨
1454,譇,譇
1455,朳,朳
1456,裴,bowl
1457,蓰,蓰
1458,蹁,whirl
1459,控,control
1460,怨,resent
1461,潿,weave
1462,贀,贀
1463,潴,catch
1464,䏼,䏼
1465,洈,洈
1466,痿,be impotent
1467,蟽,蟽
1468,乽,乽
1469,歕,歕
1470,趻,趻
1471,眼,eye
1472,獅,lion
1473,䯮,䯮
1474,竢,竢
1475,縍,縍
1476,胖,fat
1477,㨀,㨀
1478,鷼,鷼
1479,庇,cover
1480,泮,break
1481,蛴,gracious
1482,删,delete
1483,踶,踶
1484,訪,visit
1485,馞,馞
1486,溒,溒
1487,僴,僴
1488,詬,criticize
1489,为,for
1490,鏺,鏺
1491,䣌,䣌
1492,㛅,㛅
1493,葸,think
1494,㗺,㗺
1495,䴈,䴈
1496,潩,潩
1497,疘,疘
1498,鯦,鯦
1499,剷,shovel
1500,鐁,鐁
1501,鷥,bird
1502,㕘,㕘
1503,坒,坒
1504,詞,glossary expression
1505,弟,brother
1506,䱄,䱄
1507,煟,煟
1508,员,crew
1509,酚,phenol
1510,㝠,㝠
1511,栨,栨
1512,娱,entertain
1513,螢,firefly
1514,倇,倇
1515,嶏,嶏
1516,橽,橽
1517,縹,be in the air
1518,裞,裞
1519,殘,disability
1520,奰,奰
1521,箸,chopsticks
1522,桫,"- Oh, my God."
1523,撪,撪
1524,摴,摴
1525,笡,笡
1526,宩,宩
1527,㸜,㸜
1528,玽,玽
1529,釟,釟
1530,㧍,㧍
1531,娃,child
1532,戺,戺
1533,䔟,䔟
1534,鮆,鮆
1535,韯,韯
1536,丩,丩
1537,骣,骣
1538,奥,a long time ago
1539,拞,拞
1540,燢,燢
1541,翡,emeralds
1542,搎,搎
1543,眪,眪
1544,摌,摌
1545,猆,猆
1546,穇,穇
1547,誀,誀
1548,捫,touch
1549,溿,溿
1550,䏾,䏾
1551,㻊,㻊
1552,谸,谸
1553,䱏,䱏
1554,䱉,䱉
1555,薘,薘
1556,䮗,䮗
1557,膍,膍
1558,倣,counterpart
1559,杓,ladle
1560,䐕,䐕
1561,㜈,㜈
1562,餌,bait
1563,㿰,㿰
1564,螯,pinclination
1565,鈎,hook
1566,侼,侼
1567,脾,spleen
1568,叁,three
1569,编,weave
1570,词,glossary expression
1571,㴓,㴓
1572,䦰,䦰
1573,媙,媙
1574,出勤,attendance
1575,㐙,㐙
1576,䠁,䠁
1577,撒,spread
1578,獒,mastiff
1579,臂,arm
1580,袯,袯
1581,諡,posthumous
1582,鸠,pigeon
1583,猻,spread
1584,㿶,㿶
1585,廙,廙
1586,銻,antimony
1587,闈,what
1588,彪,a young man
1589,蛼,蛼
1590,呜,whine
1591,嗁,嗁
1592,韀,韀
1593,㹃,㹃
1594,蓖,castor
1595,袆,袆
1596,懊,chagrantly
1597,傊,傊
1598,湐,湐
1599,慏,慏
1600,簔,簔
1601,漈,漈
1602,琕,琕
1603,珸,珸
1604,功,achievement
1605,㿊,㿊
1606,䕯,䕯
1607,眂,眂
1608,瞆,瞆
1609,垯,垯
1610,侍,wait on
1611,穮,穮
1612,䃖,䃖
1613,涗,涗
1614,酦,fermentation
1615,庬,庬
1616,筘,reed
1617,嶯,嶯
1618,瓧,瓧
1619,䴧,䴧
1620,糝,grits
1621,㦾,㦾
1622,縶,縶
1623,盖,cover
1624,篦,comb
1625,鑁,鑁
1626,䫌,䫌
1627,骉,骉
1628,妟,妟
1629,鴛,Chinese mandarin
1630,奒,奒
1631,湋,湋
1632,慘,be miserable
1633,炑,炑
1634,伊,Yes.g.
1635,弌,弌
1636,僨,rake
1637,褦,褦
1638,繺,繺
1639,㯌,㯌
1640,咿,make a word
1641,銊,銊
1642,䵇,䵇
1643,䶓,䶓
1644,俟,wait
1645,批,criticize
1646,蒢,蒢
1647,幈,幈
1648,歵,歵
1649,暪,暪
1650,㚟,㚟
1651,鴳,鴳
1652,撦,撦
1653,層,bed
1654,岔,fork
1655,䌆,䌆
1656,㰻,㰻
1657,䩃,䩃
1658,㙔,㙔
1659,荖,bet
1660,泗,small
1661,轖,轖
1662,軬,軬
1663,衢,thoroughfare
1664,䌳,䌳
1665,翥,a high
1666,刬,刬
1667,嫅,嫅
1668,秡,秡
1669,骭,骭
1670,㠒,㠒
1671,㣉,㣉
1672,夐,夐
1673,陴,陴
1674,㼵,㼵
1675,鮟,鮟
1676,归,return
1677,歐,"Oh, my God."
1678,䶄,䶄
1679,虵,虵
1680,橌,橌
1681,荊,thorns
1682,姩,姩
1683,産,production
1684,躮,躮
1685,奜,奜
1686,㤨,㤨
1687,悟,comprehend
1688,㾍,㾍
1689,瑋,be noble
1690,膖,膖
1691,砏,砏
1692,㮧,㮧
1693,㲋,㲋
1694,銨,ammonium
1695,竡,竡
1696,栜,栜
1697,䓀,䓀
1698,肥,fat
1699,帏,hang
1700,是,"Yes, sir."
1701,韕,韕
1702,毖,avoid
1703,祠,shrine
1704,滎,the Xing dynasty
1705,㕫,㕫
1706,诸,everything
1707,残,disability
1708,鲅,Chinese mackerel
1709,珳,珳
1710,肪,fat
1711,㥳,㥳
1712,椇,椇
1713,柢,be dead
1714,䇃,䇃
1715,祀,celebrate
1716,樗,a big tree
1717,㧞,㧞
1718,汘,汘
1719,閿,be ready for action
1720,慙,慙
1721,禐,禐
1722,枱,table
1723,聽,Listen.
1724,狻,absorb
1725,恐,fear
1726,㥜,㥜
1727,䎶,䎶
1728,䪣,䪣
1729,圮,collapse
1730,䯠,䯠
1731,疕,疕
1732,弛,loosen
1733,鳈,鳈
1734,攻,attack
1735,岸,bank
1736,惨,be miserable
1737,蛆,maggots
1738,纻,chrysanthemum
1739,㧨,㧨
1740,恃,depend
1741,鑡,鑡
1742,䮃,䮃
1743,㥽,㥽
1744,塀,塀
1745,徫,徫
1746,嫇,嫇
1747,㪵,㪵
1748,䦉,䦉
1749,拘,arrest
1750,䧅,䧅
1751,芟,eliminate
1752,旵,旵
1753,䊲,䊲
1754,㭝,㭝
1755,翍,翍
1756,鑿,chisel
1757,㜇,㜇
1758,镄,镄
1759,般,average
1760,䊾,䊾
1761,苑,garden
1762,䏡,䏡
1763,儞,儞
1764,㠲,㠲
1765,挲,stroke
1766,啬,frugalive
1767,衫,dress
1768,兜,pocket
1769,㶧,㶧
1770,㾚,㾚
1771,洹,brighten
1772,匶,匶
1773,咠,咠
1774,薠,薠
1775,钚,plutonium
1776,輯,compile
1777,鈁,French
1778,㙫,㙫
1779,榮,glory
1780,䮳,䮳
1781,襻,cuff
1782,䱋,䱋
1783,䄱,䄱
1784,㓁,㓁
1785,䈧,䈧
1786,㘖,㘖
1787,㼦,㼦
1788,鵼,鵼
1789,韃,bear
1790,杼,loom
1791,鐦,californium; californium
1792,发,emit
1793,㢻,㢻
1794,䕁,䕁
1795,㮃,㮃
1796,瑡,瑡
1797,渧,渧
1798,帨,帨
1799,厏,厏
1800,苐,苐
1801,翩,light
1802,軘,軘
1803,媁,媁
1804,窭,poor
1805,产,production
1806,铊,thallium
1807,邪,evil
1808,盏,bowl
1809,佁,佁
1810,舛,fall into
1811,拔,pluck
1812,怚,怚
1813,㹬,㹬
1814,荠,shepherd's purse
1815,揸,catch
1816,鉥,鉥
1817,鶢,鶢
1818,簃,簃
1819,七,seven
1820,鳌,a long
1821,坥,坥
1822,碲,tellurium
1823,垢,dirt
1824,颸,颸
1825,馩,馩
1826,䅤,䅤
1827,頖,頖
1828,矮,be short
1829,颜,countenance
1830,騠,騠
1831,氨,ammonia
1832,軼,excel
1833,着,catch
1834,阰,阰
1835,劖,劖
1836,詚,詚
1837,㱾,㱾
1838,㵱,㵱
1839,鰾,swim bladder
1840,犮,犮
1841,杀,Kill!
1842,鴩,鴩
1843,虴,虴
1844,㫂,㫂
1845,钵,bowl
1846,柂,柂
1847,擬,imitate
1848,邡,邡
1849,褠,a large house
1850,彀,barely
1851,藛,藛
1852,邫,邫
1853,弴,弴
1854,稖,稖
1855,羒,羒
1856,闩,bar
1857,浞,be bound together
1858,扷,扷
1859,差,be poor
1860,兘,all
1861,榬,榬
1862,脗,height
1863,贔,贔
1864,橥,discover
1865,㭧,㭧
1866,榞,榞
1867,薓,薓
1868,狙,snip
1869,㟪,㟪
1870,韚,韚
1871,懺,repent
1872,杢,杢
1873,轉化,convert
1874,仾,仾
1875,姲,姲
1876,徧,徧
1877,事前,beforehand
1878,糼,糼
1879,鍦,herewith
1880,䳎,䳎
1881,囐,囐
1882,螈,a newt
1883,避,avoid
1884,摣,摣
1885,悗,And then...
1886,䃎,䃎
1887,腣,腣
1888,䎣,䎣
1889,狦,狦
1890,汣,汣
1891,惇,absorb
1892,䙟,䙟
1893,㛋,㛋
1894,鉢,bowl
1895,㿾,㿾
1896,拌,mix
1897,呞,呞
1898,䣥,䣥
1899,漽,漽
1900,狘,狘
1901,镑,pound
1902,㭋,㭋
1903,皟,皟
1904,疪,thoroughly
1905,㮪,㮪
1906,汊,branch
1907,邿,邿
1908,眡,眡
1909,簆,簆
1910,黟,黟
1911,啥,What?
1912,猜,guess
1913,䏣,䏣
1914,姅,姅
1915,䰃,䰃
1916,潱,潱
1917,駒,coltleneck
1918,噅,噅
1919,㤟,㤟
1920,㢷,㢷
1921,蚏,蚏
1922,荳,bean
1923,颩,颩
1924,䐟,䐟
1925,禆,禆
1926,忂,忂
1927,䩟,䩟
1928,暛,暛
1929,脵,脵
1930,㵍,㵍
1931,㒋,㒋
1932,㥹,㥹
1933,䒍,䒍
1934,涊,涊
1935,魃,step by force
1936,婊,bitch
1937,柒,seven
1938,搆,extend
1939,雊,雊
1940,䈀,䈀
1941,䘇,䘇
1942,僠,僠
1943,跶,absorb
1944,䲹,䲹
1945,咦,Why?
1946,㾁,㾁
1947,弎,弎
1948,㾦,㾦
1949,雗,雗
1950,䭏,䭏
1951,篚,associate
1952,囤,hoard
1953,䡊,䡊
1954,䮽,䮽
1955,䀐,䀐
1956,钙,calcium
1957,艩,艩
1958,䱠,䱠
1959,貽,deliver
1960,這,herewith
1961,㫵,㫵
1962,隄,隄
1963,㒏,㒏
1964,亝,亝
1965,訜,訜
1966,㸋,㸋
1967,丕,big
1968,伅,伅
1969,絉,絉
1970,㚶,㚶
1971,蓀,son of a tree
1972,䀖,䀖
1973,驂,驂
1974,椢,椢
1975,斲,absorb
1976,鋘,鋘
1977,萕,萕
1978,斬,chop
1979,願,wish
1980,銯,銯
1981,㟑,㟑
1982,簛,簛
1983,囨,囨
1984,镳,a different ways
1985,劮,劮
1986,䇒,䇒
1987,倚子,lean on
1988,比,compare
1989,羡,envy
1990,车,car
1991,峏,峏
1992,蔈,蔈
1993,炃,炃
1994,皈,convert
1995,鉃,鉃
1996,蒔,dope
1997,夗,夗
1998,杄,杄
1999,㟽,㟽
2000,彡,still
2001,购,buy
2002,厙,an area of water
2003,鷔,鷔
2004,禗,禗
2005,駻,駻
2006,荑,cat
2007,跋,postscript
2008,䋣,䋣
2009,牭,牭
2010,麡,麡
2011,軀,body
2012,邍,邍
2013,蹳,蹳
2014,丙,c
2015,綈,old-fashioned
2016,钹,cymbals
2017,奿,奿
2018,僭,overpower
2019,䪹,䪹
2020,䖳,䖳
2021,浐,浐
2022,枈,枈
2023,践,practice
2024,詗,詗
2025,䟦,䟦
2026,㤶,㤶
2027,㗪,㗪
2028,䟂,䟂
2029,䩀,䩀
2030,赦,pardon
2031,謤,謤
2032,祡,祡
2033,䆺,䆺
2034,按,press
2035,饵,bait
2036,蜿,winding
2037,釚,釚
2038,䙾,䙾
2039,䥘,䥘
2040,媾,coax
2041,豲,豲
2042,黲,cloud
2043,銘,inscribe
2044,䊉,䊉
2045,䅟,䅟
2046,㕬,㕬
2047,褙,mount
2048,齛,齛
2049,㣬,㣬
2050,鼤,鼤
2051,㱇,㱇
2052,㺿,㺿
2053,檆,檆
2054,巰,mercapto
2055,㣁,㣁
2056,潸,rain
2057,够,enough
2058,辤,辤
2059,䀂,䀂
2060,㟞,㟞
2061,箹,箹
2062,踒,踒
2063,拜,worship
2064,舣,舣
2065,哒,clatter
2066,侘,侘
2067,杬,杬
2068,髵,髵
2069,肀,You
2070,錛,adze
2071,釭,釭
2072,尨,尨
2073,䲮,䲮
2074,氆,氆
2075,絣,絣
2076,䳻,䳻
2077,蘬,蘬
2078,冸,冸
2079,鞌,鞌
2080,䎳,䎳
2081,汚,contamination
2082,韭,leek
2083,黫,黫
2084,榧,heavy rain
2085,铍,beryllium
2086,陼,陼
2087,个,individual
2088,唨,唨
2089,鲼,ray
2090,䎵,䎵
2091,萛,萛
2092,黗,黗
2093,腉,腉
2094,仿,imitate
2095,閗,閗
2096,饾,饾
2097,俾,assign
2098,溉,irrigate
2099,呹,呹
2100,聱,long
2101,瞷,瞷
2102,剾,剾
2103,远,be far away
2104,㟙,㟙
2105,窦,cavity
2106,妲,big
2107,槧,block
2108,鞶,鞶
2109,罤,罤
2110,兠,兠
2111,佉,佉
2112,䫮,䫮
2113,莏,莏
2114,蚼,蚼
2115,培,cultivate
2116,著,book
2117,逈,逈
2118,荌,荌
2119,唞,唞
2120,㵺,㵺
2121,诇,诇
2122,披,cuff
2123,蟠,flat
2124,蛢,蛢
2125,憏,憏
2126,糁,grits
2127,偏,be partiality
2128,怌,怌
2129,兙,兙
2130,门,door
2131,死,go to one's door
2132,蔧,蔧
2133,钩,hook
2134,䩰,䩰
2135,䰏,䰏
2136,慠,慠
2137,隡,隡
2138,逜,逜
2139,沅,circle
2140,傞,傞
2141,㗠,㗠
2142,魸,魸
2143,歮,歮
2144,媦,媦
2145,瘮,瘮
2146,黂,黂
2147,璺,crack
2148,閷,閷
2149,䚜,䚜
2150,狓,狓
2151,荰,荰
2152,䟗,䟗
2153,扪,touch
2154,㐌,㐌
2155,璾,璾
2156,屽,one's whole life
2157,䲷,䲷
2158,䙳,䙳
2159,柵,fence
2160,鸍,鸍
2161,醆,醆
2162,灨,灨
2163,市界,market boundary
2164,纱,gauze
2165,躛,躛
2166,諉,blame
2167,鰄,鰄
2168,坢,坢
2169,䥝,䥝
2170,缏,缏
2171,驏,驏
2172,围,enclose
2173,鳻,鳻
2174,牉,牉
2175,艖,艖
2176,㨬,㨬
2177,轶,excel
2178,毰,毰
2179,䋤,䋤
2180,茩,茩
2181,溮,溮
2182,䌤,䌤
2183,磻,磻
2184,馛,馛
2185,㟃,㟃
2186,鉡,鉡
2187,汾,fresh
2188,秘,covert
2189,箄,箄
2190,肄,cuff
2191,蝫,蝫
2192,繬,繬
2193,倳,倳
2194,膰,膰
2195,始,beginning
2196,匴,匴
2197,㐴,㐴
2198,嗇,frugalive
2199,铠,armour
2200,煸,fan
2201,雱,雱
2202,竬,竬
2203,䳟,䳟
2204,咋,What?
2205,仐,仐
2206,笲,笲
2207,緱,緱
2208,禩,禩
2209,獓,獓
2210,跘,跘
2211,楒,楒
2212,廝,companion
2213,遄,quick
2214,䑭,䑭
2215,爲,for
2216,鏒,鏒
2217,䌺,䌺
2218,伿,伿
2219,慰,comfort
2220,䳆,䳆
2221,噕,噕
2222,撴,撴
2223,㚘,㚘
2224,丯,丯
2225,嚭,嚭
2226,桉,eucalyptus
2227,疧,疧
2228,袃,袃
2229,荈,荈
2230,此,herewith
2231,撆,撆
2232,兛,兛
2233,䋭,䋭
2234,骳,骳
2235,㘳,㘳
2236,沕,沕
2237,珔,珔
2238,伍,group
2239,皳,皳
2240,磐,cragainst
2241,㠺,㠺
2242,㫄,㫄
2243,蕬,蕬
2244,灂,灂
2245,櫅,櫅
2246,䃅,䃅
2247,螚,螚
2248,救,save
2249,憯,憯
2250,毝,毝
2251,㓿,㓿
2252,毵,毵
2253,櫷,櫷
2254,幡,flag
2255,屦,return
2256,楌,楌
2257,襂,襂
2258,䒨,䒨
2259,叉,fork
2260,媪,old woman
2261,簀,break
2262,藸,藸
2263,輤,輤
2264,㹳,㹳
2265,䨾,䨾
2266,杜,banish
2267,疥,scabies
2268,驋,驋
2269,忤,disrespect
2270,酩,get drunk
2271,鶐,鶐
2272,跙,跙
2273,埅,埅
2274,釶,釶
2275,僣,僣
2276,洍,洍
2277,摕,摕
2278,絷,絷
2279,耏,耏
2280,鉰,鉰
2281,箣,箣
2282,磕,bump
2283,逄,cross-species
2284,㴎,㴎
2285,䟬,䟬
2286,崺,崺
2287,鶾,鶾
2288,槠,cast a cast iron
2289,亊,亊
2290,夘,夘
2291,闧,闧
2292,莯,莯
2293,韡,You're so mean.
2294,䅓,䅓
2295,牞,牞
2296,㹫,㹫
2297,鲒,鲒
2298,䘻,䘻
2299,長,grow
2300,窛,窛
2301,䭳,䭳
2302,诨,gagainst
2303,訅,訅
2304,撯,撯
2305,㣃,㣃
2306,忋,忋
2307,儍,儍
2308,緦,electricity
2309,儃,儃
2310,輁,輁
2311,喅,喅
2312,皼,皼
2313,阣,阣
2314,䱥,䱥
2315,棼,apple
2316,頥,頥
2317,倃,倃
2318,扥,stick out of the air
2319,䓎,䓎
2320,㾴,㾴
2321,摮,摮
2322,萎,lose one's head
2323,丠,丠
2324,肳,肳
2325,䒈,䒈
2326,珩,honing
2327,隮,隮
2328,䏃,䏃
2329,䬦,䬦
2330,薗,薗
2331,焊,weld
2332,杏,apricot
2333,閐,閐
2334,寎,寎
2335,洓,洓
2336,䜟,䜟
2337,蠷,蠷
2338,愷,pleasant
2339,蒒,蒒
2340,襏,襏
2341,柩,coffin
2342,䤬,䤬
2343,憪,憪
2344,嘇,嘇
2345,踠,踠
2346,錶,watch
2347,猨,猨
2348,䴨,䴨
2349,氐,old man
2350,掰,break
2351,斵,斵
2352,鏢,dart
2353,䘙,䘙
2354,靔,靔
2355,肨,肨
2356,㠂,㠂
2357,箯,箯
2358,䆩,䆩
2359,芠,芠
2360,䓍,䓍
2361,猬,hedgehog
2362,裘,"Jo, come on."
2363,钐,samarium
2364,巩,firm
2365,焽,焽
2366,㑭,㑭
2367,墶,墶
2368,洖,洖
2369,躻,躻
2370,鮍,鮍
2371,篅,篅
2372,罝,罝
2373,责,blame
2374,䂂,䂂
2375,䁂,䁂
2376,奢,luxurious
2377,贋,sham
2378,贻,deliver
2379,俤,俤
2380,轜,轜
2381,巯,mercapto
2382,籓,fan.
2383,喷,blow
2384,吉,auspicious
2385,湶,湶
2386,艥,艥
2387,鎱,鎱
2388,㭽,㭽
2389,㗑,㗑
2390,絇,絇
2391,鷧,鷧
2392,爾,you
2393,餑,make aBout
2394,盘,dish
2395,䂨,䂨
2396,䄞,䄞
2397,鞯,grace
2398,怶,怶
2399,䄔,䄔
2400,诼,fall off
2401,䗃,䗃
2402,鐭,You're right?
2403,龐,bulky
2404,㽃,㽃
2405,嬔,嬔
2406,磝,磝
2407,褩,褩
2408,䬂,䬂
2409,捄,捄
2410,饞,desire
2411,倩,pretty
2412,辔,bridle
2413,樲,樲
2414,匛,匛
2415,㲏,㲏
2416,抜,抜
2417,䋳,䋳
2418,匕,dagger
2419,閺,閺
2420,䁹,䁹
2421,炆,braised stew
2422,悦,pleasant
2423,囅,let out
2424,䕂,䕂
2425,㧬,㧬
2426,煒,big time
2427,畨,畨
2428,弐,弐
2429,㘘,㘘
2430,拝,拝
2431,㚈,㚈
2432,未安,anxiety
2433,趰,趰
2434,㺃,㺃
2435,俴,俴
2436,泧,泧
2437,饽,make aBout
2438,捉,catch
2439,㮟,㮟
2440,㽩,㽩
2441,䔸,䔸
2442,犴,height
2443,凩,凩
2444,且,furthermore
2445,槃,go to one's fate
2446,謻,謻
2447,蕼,蕼
2448,顠,顠
2449,荙,荙
2450,䚘,䚘
2451,塏,塏
2452,栅,fence
2453,駐日,resident in Japan
2454,釺,drill
2455,仕,government official
2456,匁,匁
2457,謕,謕
2458,迻,迻
2459,騑,騑
2460,瓡,瓡
2461,蓻,蓻
2462,㱑,㱑
2463,鼯,glider
2464,朙,朙
2465,㴣,㴣
2466,粣,粣
2467,䵅,䵅
2468,筞,筞
2469,俖,俖
2470,糣,糣
2471,䆥,䆥
2472,㴜,㴜
2473,馋,desire
2474,袢,loop
2475,䧦,䧦
2476,丘,hill
2477,㣘,㣘
2478,滢,clear
2479,诋,slander
2480,繙,繙
2481,娣,class
2482,璊,璊
2483,韲,韲
2484,紌,紌
2485,嫨,嫨
2486,碾,grind
2487,齊,all
2488,圆,round
2489,厵,厵
2490,茗,tea
2491,損,harm
2492,嬠,嬠
2493,㷳,㷳
2494,枌,枌
2495,毢,毢
2496,㡍,㡍
2497,䢏,䢏
2498,鍽,鍽
2499,葹,葹
2500,闻,smell
2501,裚,裚
2502,㒶,㒶
2503,䎹,䎹
2504,玮,be noble
2505,䚰,䚰
2506,阅,read
2507,䇑,䇑
2508,嫺,excel
2509,䦩,䦩
2510,埘,埘
2511,䣆,䣆
2512,䦈,䦈
2513,鱝,ray
2514,恞,恞
2515,棅,棅
2516,銏,銏
2517,翸,翸
2518,䱨,䱨
2519,龊,dirty
2520,违,go against
2521,襎,襎
2522,脖,neck
2523,抵,counter
2524,荧,glimmer
2525,白,white
2526,豹,leopard
2527,闥,excel
2528,飱,bowl
2529,敺,敺
2530,骫,骫
2531,孱,weak
2532,䘢,䘢
2533,儰,儰
2534,伛,slouch
2535,窏,窏
2536,淠,rough
2537,䪢,䪢
2538,䮆,䮆
2539,鞞,鞞
2540,䁪,䁪
2541,诿,blame
2542,圍,enclose
2543,坯,blank
2544,礿,礿
2545,禠,禠
2546,戔,barely
2547,婩,婩
2548,鰞,鰞
2549,鋖,鋖
2550,伆,伆
2551,刿,gauze
2552,㣾,㣾
2553,鴡,鴡
2554,们,You guys
2555,元,element
2556,鎈,鎈
2557,颽,颽
2558,㜨,㜨
2559,䮏,䮏
2560,䶚,䶚
2561,橵,橵
2562,蚉,蚉
2563,穼,穼
2564,飼,breed
2565,蓥,think back
2566,籷,籷
2567,漚,decay
2568,稅,tax
2569,㟕,㟕
2570,艵,艵
2571,尒,尒
2572,艑,艑
2573,㙀,㙀
2574,梤,梤
2575,㞣,㞣
2576,揩,wipe off
2577,安,safe
2578,䰗,䰗
2579,㜶,㜶
2580,勤,be diligent
2581,悅,pleasant
2582,逳,逳
2583,篇,chap
2584,蕏,蕏
2585,兕,兕
2586,㝂,㝂
2587,頉,頉
2588,娕,娕
2589,册,book
2590,䍷,䍷
2591,屝,屝
2592,䴩,䴩
2593,㿙,㿙
2594,䧶,䧶
2595,涻,涻
2596,卌,卌
2597,隇,隇
2598,飊,飊
2599,片,film
2600,咡,咡
2601,伪,sham
2602,叴,叴
2603,硊,硊
2604,瀹,瀹
2605,匄,匄
2606,㦋,㦋
2607,㖷,㖷
2608,摵,摵
2609,鲱,herring
2610,滲,seep
2611,㸵,㸵
2612,鎎,鎎
2613,峓,峓
2614,䫊,䫊
2615,䣷,䣷
2616,㨻,㨻
2617,蜈,centigrade
2618,貤,貤
2619,䄙,䄙
2620,位,bit
2621,䁛,䁛
2622,䢬,䢬
2623,㜧,㜧
2624,䆢,䆢
2625,轅,shaft
2626,鱭,brood
2627,咶,咶
2628,俅,ensign
2629,廏,廏
2630,甚深,deep
2631,墳,grave
2632,馇,馇
2633,幊,幊
2634,㾊,㾊
2635,烦,bother one's head
2636,阡,a winding path
2637,擤,blow
2638,卸,discharge
2639,㣦,㣦
2640,㧊,㧊
2641,幋,幋
2642,蝟,hedgehog
2643,䈕,䈕
2644,輩,generation
2645,鳊,go to one's sake
2646,梧,"Oh,"
2647,鉬,molybdenum
2648,僃,僃
2649,瀺,瀺
2650,䙍,䙍
2651,軎,軎
2652,嘌,purify
2653,猞,lynx
2654,䴽,䴽
2655,塒,塒
2656,鈤,鈤
2657,秎,秎
2658,坓,坓
2659,蹾,蹾
2660,狮,lion
2661,皔,皔
2662,芆,芆
2663,缉,arrest
2664,賤,cheap
2665,殺,Kill!
2666,絔,絔
2667,鹺,salt
2668,蘤,蘤
2669,䦱,䦱
2670,枓,the head of a ship
2671,骪,骪
2672,题,title
2673,痀,痀
2674,讏,讏
2675,唔,"Yes, sir."
2676,吺,吺
2677,衛,defend
2678,騛,騛
2679,戢,fold
2680,際,brink
2681,褘,褘
2682,萤,firefly
2683,䮶,䮶
2684,蚽,蚽
2685,䛞,䛞
2686,辷,辷
2687,籥,籥
2688,髪,髪
2689,複雜,complicated
2690,磔,old-fashioned
2691,䆏,䆏
2692,齏,break
2693,瀅,clear
2694,釃,釃
2695,澳,Australia
2696,䄴,䄴
2697,躍,leap
2698,鍇,body
2699,㹌,㹌
2700,諟,諟
2701,㝉,㝉
2702,睇,have a look
2703,狚,狚
2704,妭,妭
2705,疲,be worn out
2706,薞,薞
2707,毿,毿
2708,瞔,瞔
2709,枂,枂
2710,㘐,㘐
2711,危,be in danger
2712,㔨,㔨
2713,釦,cuff
2714,嶊,嶊
2715,䂜,䂜
2716,軕,軕
2717,靼,arrest
2718,鋺,鋺
2719,蜯,蜯
2720,䇥,䇥
2721,䥱,䥱
2722,䛂,䛂
2723,鏖,heavy
2724,柏,cypress
2725,䒓,䒓
2726,鈹,beryllium
2727,㻢,㻢
2728,䱪,䱪
2729,猋,猋
2730,燚,燚
2731,非,wrong
2732,髿,髿
2733,鍏,part
2734,㱟,㱟
2735,丐,beg
2736,嵤,嵤
2737,剒,剒
2738,祴,祴
2739,齌,齌
2740,圜,ensign
2741,嶎,嶎
2742,㽹,㽹
2743,䪭,䪭
2744,鼙,battlefield
2745,噽,噽
2746,蘶,蘶
2747,私田,private land
2748,驶,drive
2749,溌,溌
2750,蔊,蔊
2751,鳩,pigeon
2752,嶃,嶃
2753,䪶,䪶
2754,半,half
2755,脙,make a situation
2756,萹,萹
2757,呧,呧
2758,嘖,with a button
2759,㥱,㥱
2760,㟲,㟲
2761,菧,菧
2762,勽,勽
2763,䰔,䰔
2764,鐇,鐇
2765,宄,a cast of a person
2766,㥴,㥴
2767,暾,not yet to speak
2768,镒,year
2769,廾,Solomon's work.
2770,蛜,蛜
2771,標,mark
2772,绯,frivolupt
2773,芶,芶
2774,鳀,an anchovy
2775,㧼,㧼
2776,㓂,㓂
2777,嬏,嬏
2778,樝,樝
2779,乷,乷
2780,簁,簁
2781,貄,貄
2782,闱,what
2783,䲭,䲭
2784,桼,桼
2785,咝,whine
2786,碑,stele
2787,㤖,㤖
2788,顔,countenance
2789,燌,燌
2790,翂,翂
2791,蒬,蒬
2792,魄,spirit
2793,詝,詝
2794,佚,lose
2795,讪,make a person offending
2796,傴,slouch
2797,豘,豘
2798,媆,媆
2799,穄,穄
2800,㹑,㹑
2801,刪,delete
2802,準備,Get ready.
2803,层,bed
2804,葲,葲
2805,蔳,蔳
2806,齰,齰
2807,䡇,䡇
2808,縒,縒
2809,擉,擉
2810,邸,residence
2811,翉,翉
2812,㾫,㾫
2813,锎,californium; californium
2814,謷,謷
2815,杯,cup
2816,䐩,䐩
2817,仳,divorce
2818,黪,cloud
2819,蓲,蓲
2820,䉅,䉅
2821,㟶,㟶
2822,邴,邴
2823,㵃,㵃
2824,锑,antimony
2825,渚,a long
2826,廒,廒
2827,䟵,䟵
2828,侇,侇
2829,韛,韛
2830,桲,桲
2831,圲,圲
2832,䠺,䠺
2833,噴,blow
2834,㣌,㣌
2835,鎰,year
2836,椞,椞
2837,㷧,㷧
2838,銟,銟
2839,柰,kaempferi Corporation
2840,越,cross
2841,舍廊,a private residence
2842,責,blame
2843,矢,angle
2844,孙,grandchild
2845,鲂,yellowtail
2846,䮂,䮂
2847,癶,癶
2848,詙,詙
2849,䎝,䎝
2850,汶,article
2851,諑,fall off
2852,恱,恱
2853,斯,this
2854,诒,first
2855,啚,啚
2856,噀,噀
2857,栭,栭
2858,纰,slip
2859,閟,閟
2860,引導,guide
2861,鉟,pi.
2862,天,God.
2863,胹,胹
2864,挤,squeeze
2865,帰,帰
2866,螐,螐
2867,區,block
2868,洂,洂
2869,屄,go through one's nose
2870,鑣,a different ways
2871,热,hot
2872,旽,旽
2873,㭬,㭬
2874,痍,break
2875,䩿,䩿
2876,伹,But...
2877,燓,燓
2878,䐡,䐡
2879,鼐,block
2880,澾,澾
2881,谶,foretell
2882,䞅,䞅
2883,綛,綛
2884,䡳,䡳
2885,褮,the first floor of the year
2886,厞,厞
2887,蔶,蔶
2888,䧑,䧑
2889,涳,涳
2890,珙,electricity
2891,銀杏,gingko biloba [ginkgo biloba]
2892,眤,眤
2893,庳,庳
2894,㽄,㽄
2895,㟈,㟈
2896,跠,跠
2897,謂,call
2898,幘,幘
2899,鄍,鄍
2900,撀,撀
2901,䍑,䍑
2902,似,similar
2903,鮧,鮧
2904,菝,burn
2905,环,loop
2906,㡾,㡾
2907,歲,year
2908,旿,旿
2909,殏,殏
2910,䡗,䡗
2911,皿,dish
2912,偝,偝
2913,厁,厁
2914,媂,媂
2915,薺,shepherd's purse
2916,㓛,㓛
2917,䨻,䨻
2918,壀,壀
2919,㨋,㨋
2920,蠐,gracious
2921,撌,撌
2922,哊,哊
2923,鲀,puffer
2924,索,ask
2925,葐,葐
2926,䱞,䱞
2927,鳫,鳫
2928,䤦,䤦
2929,八,eight
2930,義,reason
2931,頩,頩
2932,概,rough
2933,毞,毞
2934,岕,岕
2935,䜛,䜛
2936,摋,摋
2937,衯,衯
2938,站,stand
2939,㩠,㩠
2940,䌖,䌖
2941,佀,佀
2942,濺,splash
2943,䟠,䟠
2944,禙,禙
2945,騗,騗
2946,毬,ball
2947,㪟,㪟
2948,縏,縏
2949,䝯,䝯
2950,氞,氞
2951,桬,桬
2952,汃,汃
2953,砟,ballast
2954,魙,魙
2955,缽,bowl
2956,㖵,㖵
2957,導,guide
2958,䝿,䝿
2959,徥,徥
2960,缷,discharge
2961,錼,neptunium of neptunium
2962,簎,簎
2963,㩞,㩞
2964,䰎,䰎
2965,鵈,鵈
2966,鰤,鰤
2967,嫓,嫓
2968,瀒,瀒
2969,発,発
2970,鬮,draw lots
2971,㐩,㐩
2972,潘,banish
2973,䜻,䜻
2974,畹,all
2975,貮,貮
2976,獺,otter
2977,妃,the Imperial concubine
2978,寤,watch
2979,弍,弍
2980,蛩,crumble
2981,覱,覱
2982,移,remove
2983,罧,罧
2984,祱,祱
2985,罳,罳
2986,鈰,cerium
2987,䊩,䊩
2988,䬳,䬳
2989,飜,飜
2990,熬,bear
2991,柲,柲
2992,熓,熓
2993,虋,虋
2994,㼣,㼣
2995,轊,轊
2996,䨖,䨖
2997,锛,adze
2998,戶,household
2999,呾,呾
3000,扣,cuff
3001,颐,eat
3002,呸,"Oh, shit"
3003,驹,coltleneck
3004,䋑,䋑
3005,緝,arrest
3006,鮩,鮩
3007,射,fire
3008,銡,銡
3009,陪,accompany
3010,綪,綪
3011,覑,extend
3012,齹,齹
3013,浡,浡
3014,菲,poor
3015,䎯,䎯
3016,敡,敡
3017,潆,潆
3018,㫼,㫼
3019,褑,light
3020,猅,猅
3021,鲕,oolitic
3022,蜰,蜰
3023,㪔,㪔
3024,䅁,䅁
3025,襹,襹
3026,瞑,close one's eyes
3027,钆,gadolinium
3028,懑,anger
3029,扒,pick
3030,䥀,䥀
3031,鈻,鈻
3032,倶,倶
3033,㪏,㪏
3034,渣,dregion
3035,䲧,䲧
3036,㞽,㞽
3037,執,stick to
3038,穧,穧
3039,㠍,㠍
3040,鞮,鞮
3041,狒,baboon
3042,叛,rebel
3043,櫧,cast a cast iron
3044,叓,叓
3045,䃾,䃾
3046,㮈,㮈
3047,䀝,䀝
3048,䧢,䧢
3049,詩,poem
3050,佰,hundred
3051,胣,胣
3052,圎,圎
3053,䳛,䳛
3054,韦,ensign
3055,命,destiny
3056,㐧,㐧
3057,骜,wild
3058,蒟,oil field
3059,䟕,䟕
3060,绊,stumble
3061,剕,剕
3062,鴋,鴋
3063,介,absorb
3064,䡲,䡲
3065,鼻,nose
3066,谗,slander
3067,楮,paper mulberry
3068,㟝,㟝
3069,价,price
3070,䬑,䬑
3071,谤,slander
3072,緭,緭
3073,㵄,㵄
3074,佲,佲
3075,瓩,瓩
3076,鯡,herring
3077,䢤,䢤
3078,㚾,㚾
3079,䏇,䏇
3080,槭,maple
3081,散,break
3082,寺,a Buddhist temple
3083,㾝,㾝
3084,勿,not
3085,丵,丵
3086,一期,the first installment
3087,嬎,嬎
3088,楂,Chinese hawthorn
3089,䬐,䬐
3090,煞,close
3091,弒,kill
3092,型,shape
3093,豿,豿
3094,䠋,䠋
3095,儦,儦
3096,䘄,䘄
3097,䛩,䛩
3098,軅,軅
3099,贰,two
3100,灈,灈
3101,孻,孻
3102,磣,ugly
3103,㿀,㿀
3104,茜,red-spotted woodpecker
3105,鮻,鮻
3106,事典,a book of events
3107,辞,decline
3108,綁,bind
3109,檅,檅
3110,䳀,䳀
3111,耈,耈
3112,兯,兯
3113,㸤,㸤
3114,帻,帻
3115,犙,犙
3116,㓼,㓼
3117,䶑,䶑
3118,㫥,㫥
3119,爰,subsequently
3120,㟻,㟻
3121,㰝,㰝
3122,乁,乁
3123,貴,expensive
3124,瞿,all
3125,疚,feel guilty
3126,萉,萉
3127,桕,tallow
3128,区,block
3129,幆,幆
3130,釤,samarium
3131,㠼,㠼
3132,䯱,䯱
3133,鼩,shrew
3134,獤,獤
3135,湃,beat
3136,喴,喴
3137,㨲,㨲
3138,䢑,䢑
3139,窹,窹
3140,备,arrange
3141,繁,numerous
3142,噢,"Oh, my God."
3143,乄,乄
3144,豬,pig
3145,崼,崼
3146,韮,韮
3147,䠯,䠯
3148,硨,watercourses
3149,躯,body
3150,意思,meaning
3151,垵,pit
3152,憣,憣
3153,鸜,鸜
3154,嗚,whine
3155,錰,錰
3156,樊,fence
3157,賾,ground
3158,髈,髈
3159,痱,prickly heat
3160,朹,朹
3161,诽,slander
3162,㱷,㱷
3163,剴,be sincere
3164,棻,fennel
3165,驱,drive
3166,镖,dart
3167,蕡,蕡
3168,蠮,蠮
3169,洟,洟
3170,梯,ladder
3171,滁,chap
3172,枇,lo
3173,䳊,䳊
3174,䇆,䇆
3175,䑡,䑡
3176,㡪,㡪
3177,遠,be far away
3178,珊,bear
3179,臍,umbilical cord
3180,嗙,brag
3181,馼,馼
3182,會議,conference
3183,䰷,䰷
3184,嬭,milk
3185,赑,赑
3186,诅,curse
3187,㗣,㗣
3188,䎒,䎒
3189,䜉,䜉
3190,賜,confer
3191,狗,dog
3192,溟,clear
3193,欧,"Oh, my God."
3194,讴,celebrate
3195,縿,縿
3196,人道,humanity
3197,逤,逤
3198,䂹,䂹
3199,巸,巸
3200,骗,deceive
3201,俱,everything
3202,名,name
3203,悞,悞
3204,䥣,䥣
3205,寪,寪
3206,㑂,㑂
3207,椑,椑
3208,鼽,roundabout
3209,晏,slow
3210,馚,馚
3211,㛽,㛽
3212,䵙,䵙
3213,䏍,䏍
3214,滻,滻
3215,頒,award
3216,酁,酁
3217,䓻,䓻
3218,蓒,蓒
3219,私用,private use
3220,錌,錌
3221,苇,reed
3222,㦧,㦧
3223,悱,sorrow
3224,闬,闬
3225,䦋,䦋
3226,蜟,蜟
3227,㰫,㰫
3228,劑,powder
3229,搀,absorb
3230,噃,噃
3231,䯃,䯃
3232,旙,旙
3233,郉,郉
3234,楩,楩
3235,䬡,䬡
3236,鴈,鴈
3237,磅,pound
3238,㸻,㸻
3239,夶,夶
3240,䵣,䵣
3241,㭭,㭭
3242,䵉,䵉
3243,硏究院,research institute
3244,塢,dock
3245,纬,weave
3246,直,straight
3247,迩,near
3248,叅,叅
3249,岯,岯
3250,欃,欃
3251,蚠,蚠
3252,拲,拲
3253,蟦,蟦
3254,限,limit
3255,蛬,蛬
3256,貰,貰
3257,倥,busy
3258,榭,a small
3259,偉,great
3260,蚕,silkworm
3261,㛲,㛲
3262,㧭,㧭
3263,㐪,㐪
3264,䡢,䡢
3265,顊,顊
3266,使用,use
3267,啼,cry
3268,癠,癠
3269,芳,fragrance
3270,㰶,㰶
3271,㲦,㲦
3272,幇,lead
3273,奶,milk
3274,幃,hang
3275,箚,箚
3276,甁,甁
3277,噝,whine
3278,私電,a private telegram
3279,㺬,㺬
3280,羵,羵
3281,文,literary style
3282,氖,neon
3283,伟,great
3284,鯄,鯄
3285,蚖,蚖
3286,㐟,㐟
3287,犇,犇
3288,圓,round
3289,箳,箳
3290,圱,圱
3291,宧,宧
3292,䅠,䅠
3293,筭,筭
3294,浫,浫
3295,螃,crab
3296,濞,濞
3297,䭻,䭻
3298,堤,bank
3299,諞,flatter
3300,岉,岉
3301,羆,bear
3302,朜,朜
3303,㤃,㤃
3304,䮊,䮊
3305,䢶,䢶
3306,鍗,鍗
3307,忦,忦
3308,訽,訽
3309,䊰,䊰
3310,韝,six-year-grabbing
3311,庰,庰
3312,龏,龏
3313,訊問,interrogate
3314,躗,躗
3315,袻,袻
3316,䆒,䆒
3317,煯,煯
3318,暐,shine
3319,叒,叒
3320,癹,癹
3321,匜,匜
3322,聁,聁
3323,羾,羾
3324,鵇,鵇
3325,泃,泃
3326,忿,anger
3327,㶔,㶔
3328,坨,lump
3329,僿,僿
3330,僀,僀
3331,猵,猵
3332,萨,go to
3333,桔,orange
3334,㯆,㯆
3335,䈠,䈠
3336,幷,all
3337,句,sentence
3338,崥,崥
3339,楾,楾
3340,䃑,䃑
3341,㫒,㫒
3342,鑺,鑺
3343,仠,one's length
3344,粤,canton
3345,閲,read
3346,謜,謜
3347,橷,橷
3348,䫩,䫩
3349,䆕,䆕
3350,㼛,㼛
3351,嵖,嵖
3352,厇,厇
3353,槎,scour
3354,㷢,㷢
3355,唗,唗
3356,龃,break
3357,済,済
3358,竕,竕
3359,厮,companion
3360,裨,Yes.
3361,徬,flutter
3362,榝,榝
3363,㰘,㰘
3364,误,make a mistake
3365,鸥,gull
3366,饊,compound
3367,手,hand
3368,㒾,㒾
3369,鲌,鲌
3370,犲,a large number of a personally
3371,䄹,䄹
3372,㧙,㧙
3373,扽,扽
3374,坏,bad
3375,䈨,䈨
3376,䀅,䀅
3377,開,open
3378,㭶,㭶
3379,蔲,蔲
3380,晷,a sundial
3381,諸,everything
3382,弑,kill
3383,逑,ball
3384,肟,oxime
3385,䥾,䥾
3386,瓬,瓬
3387,沟,ditch
3388,鹈,pellet
3389,猘,猘
3390,鵷,鵷
3391,塨,塨
3392,雰,雰
3393,湼,湼
3394,亗,亗
3395,铈,cerium
3396,㮽,㮽
3397,趇,趇
3398,霨,霨
3399,嗰,嗰
3400,垹,垹
3401,访,visit
3402,苢,苢
3403,䊟,䊟
3404,鈅,key
3405,孿,twin
3406,嵗,year
3407,㬿,㬿
3408,睥,popularity
3409,蚊,mosquito
3410,莡,莡
3411,秛,秛
3412,嫰,嫰
3413,銔,銔
3414,劯,劯
3415,㙦,㙦
3416,脎,脎
3417,䬲,䬲
3418,飘,float
3419,皘,皘
3420,䚨,䚨
3421,簐,簐
3422,㭒,㭒
3423,謲,謲
3424,泂,泂
3425,鮊,鮊
3426,紴,紴
3427,義士,a righteous man
3428,獑,獑
3429,哻,哻
3430,豫,anticipate
3431,鑻,鑻
3432,邦,state
3433,母子,mother and child
3434,㱛,㱛
3435,搫,搫
3436,舽,舽
3437,粃,粃
3438,缑,缑
3439,抆,抆
3440,䞤,䞤
3441,緺,緺
3442,鯷,an anchovy
3443,眝,眝
3444,榹,榹
3445,隞,隞
3446,徲,徲
3447,獂,獂
3448,㵼,㵼
3449,墂,墂
3450,椸,椸
3451,㮕,㮕
3452,楉,楉
3453,坵,mounds
3454,䢍,䢍
3455,巽,pleasant
3456,鸸,emulation
3457,㜁,㜁
3458,閒,leisure
3459,䱱,䱱
3460,䬾,䬾
3461,写,write
3462,原,the original
3463,㞊,㞊
3464,䃊,䃊
3465,孠,孠
3466,㽡,㽡
3467,㶪,㶪
3468,䈲,䈲
3469,低,low
3470,塬,塬
3471,浉,浉
3472,碽,碽
3473,燍,燍
3474,娖,娖
3475,錯,be wrong
3476,㠔,㠔
3477,森,high-rooted
3478,构,frame
3479,飙,high wind
3480,㓒,㓒
3481,鹁,the whole world
3482,䁬,䁬
3483,謝過,Thank you.
3484,䉒,䉒
3485,渗,seep
3486,饼,cake
3487,刋,publish
3488,槪,open
3489,鍓,鍓
3490,䋧,䋧
3491,膘,fatten up
3492,污,dirt
3493,侪,class
3494,漑,漑
3495,䞲,䞲
3496,鏟,shovel
3497,擌,擌
3498,瑦,瑦
3499,郫,郫
3500,㻂,㻂
3501,䲉,䲉
3502,渡,cross
3503,袲,袲
3504,苟,carelessly
3505,搾,milk
3506,戶主,the head of a household
3507,铭,inscribe
3508,䊬,䊬
3509,㝍,㝍
3510,蒶,蒶
3511,葦,reed
3512,泀,泀
3513,朼,朼
3514,㐤,㐤
3515,戉,戉
3516,隖,隖
3517,冓,冓
3518,䱹,䱹
3519,坟,grave
3520,棥,棥
3521,㞗,㞗
3522,轡,bridle
3523,鐼,鐼
3524,傲,boastful
3525,鈖,鈖
3526,忏,repent
3527,忳,忳
3528,愻,愻
3529,鉯,鉯
3530,鳲,鳲
3531,煩,bother one's head
3532,摀,摀
3533,诐,诐
3534,㓋,㓋
3535,逪,逪
3536,嫎,嫎
3537,曻,曻
3538,䄢,䄢
3539,蛃,蛃
3540,㹠,㹠
3541,扦,stick
3542,坺,坺
3543,鯯,鯯
3544,繟,繟
3545,第,first
3546,㣵,㣵
3547,㙃,㙃
3548,鉼,鉼
3549,䯋,䯋
3550,鈄,angle of inclination
3551,除,eliminate
3552,罻,罻
3553,㿹,㿹
3554,彷,be similar
3555,掋,掋
3556,諎,諎
3557,䐞,䐞
3558,謮,謮
3559,䭁,䭁
3560,簼,簼
3561,鄀,鄀
3562,撊,撊
3563,㑏,㑏
3564,㸩,㸩
3565,陃,陃
3566,瀿,瀿
3567,笨,be stupid
3568,䤛,䤛
3569,屁,fart
3570,覯,go out of one's head
3571,䦥,䦥
3572,鈈,plutonium
3573,嫩,tender
3574,娰,娰
3575,求,ask
3576,濇,濇
3577,蒁,蒁
3578,鉤,hook
3579,搓,rub
3580,䴾,䴾
3581,若,if
3582,嶅,How is it?
3583,炜,big time
3584,靽,靽
3585,俕,俕
3586,㖽,㖽
3587,㒮,㒮
3588,竮,竮
3589,谮,slander
3590,䣙,䣙
3591,㒂,㒂
3592,揓,揓
3593,鱕,鱕
3594,銶,銶
3595,偐,偐
3596,剗,剗
3597,藣,藣
3598,詺,詺
3599,諢,gagainst
3600,飆,high wind
3601,晤,meet
3602,㹾,㹾
3603,叄,three
3604,蔘,participate
3605,砠,砠
3606,䦜,䦜
3607,褷,褷
3608,䔊,䔊
3609,疝,hernia
3610,侒,侒
3611,栫,a green belt
3612,缇,twine
3613,嚊,嚊
3614,柶,yut
3615,闡,illuminate
3616,辟,extend
3617,閂,bar
3618,㭢,㭢
3619,悂,悂
3620,㺶,㺶
3621,沘,沘
3622,㩺,㩺
3623,議,conference
3624,萘,naphthalene
3625,遍,everywhere
3626,㹉,㹉
3627,榮華,be in glory
3628,䍴,䍴
3629,鳾,鳾
3630,韋,ensign
3631,䚥,䚥
3632,㖿,㖿
3633,卋,卋
3634,粆,粆
3635,灥,灥
3636,窄,narrow
3637,䤤,䤤
3638,貟,貟
3639,輲,輲
3640,䩖,䩖
3641,敖,still
3642,㫠,㫠
3643,祦,祦
3644,鋞,鋞
3645,詛,curse
3646,沌,chaotic
3647,捌,eight
3648,握手,shake hands
3649,㩙,㩙
3650,䡤,䡤
3651,熰,熰
3652,準,agree
3653,嗣,subsequent generation
3654,沷,沷
3655,魴,yellowtail
3656,袄,coat
3657,圬,masonry
3658,鋲,鋲
3659,讒,slander
3660,桳,桳
3661,訕,make a person offending
3662,㮏,㮏
3663,㼐,㼐
3664,撻,cuff
3665,騇,騇
3666,笎,笎
3667,㖒,㖒
3668,袬,袬
3669,訍,訍
3670,烏,black
3671,㱚,㱚
3672,劄,劄
3673,悲,sorrow
3674,㲘,㲘
3675,䉊,䉊
3676,源,source
3677,蟖,蟖
3678,裱,mount
3679,浻,浻
3680,䏲,䏲
3681,姞,姞
3682,碴,break
3683,䙁,䙁
3684,樾,more and more
3685,镵,镵
3686,飝,飝
3687,賠,make amply
3688,袚,the office of staff
3689,葧,葧
3690,篩,sieve
3691,䲶,䲶
3692,扉,background
3693,昘,昘
3694,薬,薬
3695,鞍,saddle
3696,䊏,䊏
3697,䤘,䤘
3698,螟,moth
3699,耚,耚
3700,脌,one´s voice
3701,䐎,䐎
3702,䅝,䅝
3703,鴺,鴺
3704,糳,extraction
3705,飡,飡
3706,佷,佷
3707,䉢,䉢
3708,閯,閯
3709,喘,breathe
3710,筽,筽
3711,躧,躧
3712,燵,燵
3713,歂,歂
3714,瓂,瓂
3715,㡎,㡎
3716,鷇,鷇
3717,矾,alumina | alumina.
3718,為,for
3719,猀,猀
3720,饭,meal
3721,駓,駓
3722,閊,閊
3723,餖,餖
3724,扳,break
3725,䚣,䚣
3726,臞,臞
3727,帡,帡
3728,薦,commend
3729,螡,螡
3730,鞤,鞤
3731,䉽,䉽
3732,㾇,㾇
3733,㫝,㫝
3734,馨,sweet
3735,鞚,鞚
3736,䗒,䗒
3737,橎,橎
3738,耇,耇
3739,制,set afoot
3740,陫,陫
3741,邭,邭
3742,䘡,䘡
3743,歳,歳
3744,飈,fly
3745,柈,柈
3746,㮦,㮦
3747,渃,渃
3748,蘅,collapse
3749,鹓,鹓
3750,㮍,㮍
3751,碜,ugly
3752,佴,connexion
3753,䫠,䫠
3754,䍕,䍕
3755,尔,you
3756,䡂,䡂
3757,䞟,䞟
3758,迃,迃
3759,蔱,蔱
3760,貳,two
3761,瀵,瀵
3762,㞳,㞳
3763,耉,nine
3764,䏪,䏪
3765,啤,beer
3766,泼,rash
3767,攺,攺
3768,碥,the head
3769,鲨,shark
3770,柴,wood
3771,贂,贂
3772,㘩,㘩
3773,龠,Yes.
3774,鏕,鏕
3775,㿭,㿭
3776,䍨,䍨
3777,秉,hold
3778,䏤,䏤
3779,䥜,䥜
3780,懷疑,doubt
3781,焚,burn
3782,磃,磃
3783,麔,麔
3784,㶗,㶗
3785,䃦,䃦
3786,㢄,㢄
3787,㼼,㼼
3788,䢼,䢼
3789,蟁,蟁
3790,謺,謺
3791,蝭,蝭
3792,紗,gauze
3793,鶭,鶭
3794,撚,twist
3795,㼰,㼰
3796,斩,chop
3797,䇿,䇿
3798,躇,hesitate
3799,摡,摡
3800,鹾,salt
3801,鮷,鮷
3802,㩍,㩍
3803,擅,excel
3804,䴵,䴵
3805,钺,again
3806,闆,block
3807,暝,still
3808,獖,獖
3809,凯,"- Hey, sir."
3810,渂,渂
3811,㮼,㮼
3812,蝔,蝔
3813,挷,挷
3814,魭,魭
3815,滱,滱
3816,砗,watercourses
3817,牴,contradict
3818,方,square
3819,郣,郣
3820,魳,魳
3821,贱,cheap
3822,䉩,䉩
3823,頠,頠
3824,糿,糿
3825,魏,we
3826,迺,John F. Kennedy
3827,闝,闝
3828,墪,墪
3829,鞊,鞊
3830,蚄,蚄
3831,班,class
3832,䞰,䞰
3833,豫約,promise
3834,鬼,ghost
3835,㪺,㪺
3836,挱,stroke
3837,衞,keep up appearance
3838,㣢,㣢
3839,仨,three
3840,㾲,㾲
3841,絘,絘
3842,鳔,swim bladder
3843,貋,貋
3844,痹,block
3845,淓,淓
3846,㤋,㤋
3847,豠,豠
3848,泻,discharge
3849,钭,angle of inclination
3850,䌓,䌓
3851,蒫,蒫
3852,俻,俻
3853,姍,slow
3854,昺,昺
3855,娯,娯
3856,佌,佌
3857,鍉,鍉
3858,醗,醗
3859,菹,fresh
3860,們,You guys
3861,柠,lemon
3862,虥,虥
3863,艕,艕
3864,肧,肧
3865,㮥,㮥
3866,㸁,㸁
3867,冤,resentment
3868,滂,heavy
3869,厩,stable
3870,䦂,䦂
3871,昐,昐
3872,溅,splash
3873,琣,琣
3874,轒,轒
3875,㒃,㒃
3876,䨽,䨽
3877,䓱,䓱
3878,钫,French
3879,㸖,㸖
3880,跐,跐
3881,䎸,䎸
3882,枲,枲
3883,唷,"Oh, my God."
3884,邖,邖
3885,嗦,make a fuss
3886,鰸,鰸
3887,梊,梊
3888,齥,齥
3889,惧,fear
3890,誜,誜
3891,溩,溩
3892,迸,burst
3893,喈,chime
3894,輧,輧
3895,硎,have a person's eye
3896,㕜,㕜
3897,鷳,pheasant
3898,溡,溡
3899,配,match
3900,鶰,鶰
3901,䴓,䴓
3902,岎,岎
3903,涘,涘
3904,乌,black
3905,洝,洝
3906,銴,銴
3907,䐒,䐒
3908,魮,魮
3909,䪌,䪌
3910,劶,劶
3911,篛,篛
3912,嗸,嗸
3913,泞,muddy
3914,藩,ensign
3915,杉,Chinese fir
3916,魒,魒
3917,粅,粅
3918,㨍,㨍
3919,喯,喯
3920,袧,"No, I don't."
3921,骖,骖
3922,缌,electricity
3923,迱,迱
3924,㺨,㺨
3925,玢,drive
3926,犰,arm
3927,䩚,䩚
3928,瓫,瓫
3929,芘,pyrene
3930,明,clear
3931,㐀,㐀
3932,鸤,鸤
3933,罴,bear
3934,䨦,䨦
3935,盤,dish
3936,㓔,㓔
3937,淲,淲
3938,䱌,䱌
3939,䩆,䩆
3940,跀,跀
3941,㐊,㐊
3942,丝,thread
3943,㝏,㝏
3944,膪,one's native land
3945,㦃,㦃
3946,顿,break
3947,聛,聛
3948,芬,fragrance
3949,㱔,㱔
3950,雯,a man of letters
3951,鰯,鰯
3952,䢄,䢄
3953,嗻,嗻
3954,蒻,jaclysmic
3955,襣,襣
3956,祆,break upholed
3957,䅽,䅽
3958,鴍,鴍
3959,胊,胊
3960,阐,illuminate
3961,䳐,䳐
3962,淝,"All right, let's go."
3963,辶,辶
3964,嬄,嬄
3965,㵭,㵭
3966,蚡,蚡
3967,廐,廐
3968,繨,繨
3969,俉,high
3970,剽,plagiarize
3971,鸙,鸙
3972,囲,囲
3973,莗,莗
3974,㔺,㔺
3975,齚,齚
3976,肚,belly
3977,㴉,㴉.
3978,䪠,䪠
3979,桮,桮
3980,㤳,㤳
3981,奧,a long time ago
3982,䳒,䳒
3983,盼,hope
3984,㢨,㢨
3985,诈,deceive
3986,㕤,㕤
3987,焐,warm
3988,犕,犕
3989,躋,break
3990,粁,粁
3991,肉,flesh
3992,錥,錥
3993,䟑,䟑
3994,䛈,䛈
3995,鏾,鏾
3996,沸,boil
3997,㢠,㢠
3998,鰶,鰶
3999,宼,宼
4000,䶳,䶳
4001,嶇,rugged
4002,羜,羜
4003,鮈,the sound of a bell
4004,杈,fork
4005,翨,run off
4006,䭄,䭄
4007,晘,晘
4008,妏,妏
4009,䟌,䟌
4010,杇,杇
4011,鉺,erbium; erbium
4012,詑,詑
4013,䞈,䞈
4014,紡,spin
4015,矸,gangue
4016,彂,彂
4017,愩,愩
4018,諿,諿
4019,挞,cuff
4020,擬似,imitate
4021,瀠,瀠
4022,䏺,䏺
4023,碚,be rough
4024,䪱,䪱
4025,鴎,鴎
4026,礚,礚
4027,钏,cuff
4028,飰,飰
4029,衸,衸
4030,她,She...
4031,䖙,䖙
4032,瓢,bowl
4033,呡,呡
4034,乒,slap
4035,䖫,䖫
4036,髬,髬
4037,昒,昒
4038,䲥,䲥
4039,傼,傼
4040,阄,draw lots
4041,以上,above
4042,怴,absorb
4043,槮,槮
4044,䛍,䛍
4045,栮,栮
4046,孬,cowardly
4047,礬,alumina | alumina.
4048,癍,癍
4049,汻,汻
4050,氍,氍
4051,貏,貏
4052,䑘,䑘
4053,岶,岶
4054,豺,jackal
4055,育,nurture
4056,嶄,excel
4057,蚍,ant
4058,凘,凘
4059,佽,佽
4060,䶒,䶒
4061,䚵,䚵
4062,㟰,㟰
4063,紕,slip
4064,试,experimentally
4065,懠,懠
4066,蓋,cover
4067,贛,go deep
4068,爊,爊
4069,犥,犥
4070,櫏,櫏
4071,㕥,㕥
4072,㳉,㳉
4073,併,together
4074,椠,block
4075,㔚,㔚
4076,䟄,䟄
4077,貵,貵
4078,脿,a management company
4079,忢,忢
4080,謝,decline
4081,铯,cesium
4082,㼆,㼆
4083,闿,open
4084,蟴,蟴
4085,彣,彣
4086,被,cover
4087,譂,譂
4088,芾,manage
4089,蜚,fly
4090,䩷,䩷
4091,时,time
4092,㺷,㺷
4093,㖅,㖅
4094,扅,扅
4095,䦁,䦁
4096,澚,澚
4097,㮰,㮰
4098,劌,gauze
4099,乢,乢
4100,兵,a military service
4101,曊,曊
4102,㡙,㡙
4103,䄬,䄬
4104,鸶,bird
4105,衪,he
4106,䫓,䫓
4107,瀉,discharge
4108,揌,揌
4109,孪,twin
4110,澘,澘
4111,醝,醝
4112,顐,顐
4113,鷗,gull
4114,蚪,a man of fish
4115,穆,solemn
4116,䙪,䙪
4117,到着,arrive
4118,姼,姼
4119,开,open
4120,蔖,蔖
4121,竍,竍
4122,鯳,鯳
4123,詊,詊
4124,檦,檦
4125,㓝,㓝
4126,妣,one's parents
4127,鎜,鎜
4128,㸥,㸥
4129,痞,ruffian
4130,熭,熭
4131,尬,"Oh, shit."
4132,日氣,the day
4133,阧,阧
4134,糗,embarrassment
4135,褾,you
4136,㕢,㕢
4137,輫,輫
4138,韉,grace
4139,餧,餧
4140,㳰,㳰
4141,䋐,䋐
4142,荋,荋
4143,叭,flatter
4144,这,herewith
4145,諘,諘
4146,懎,懎
4147,霁,bright
4148,䟃,䟃
4149,㲄,㲄
4150,篼,篼
4151,丗,丗
4152,泌,emit
4153,扮,affect
4154,巺,巺
4155,蹄,hoof
4156,產,production
4157,剚,剚
4158,朊,prion
4159,葢,葢
4160,荓,荓
4161,鈶,鈶
4162,棧,stack
4163,㬙,㬙
4164,鞴,take a grudge
4165,昉,bowl
4166,恨,hate
4167,㨧,㨧
4168,懴,懴
4169,䠊,䠊
4170,䓕,䓕
4171,喟,sigh
4172,雎,extend
4173,逩,逩
4174,久,for a time
4175,鵜,pellet
4176,䪐,䪐
4177,藖,藖
4178,䳳,䳳
4179,繐,ear
4180,鮞,oolitic
4181,鲥,shad
4182,蛷,蛷
4183,磦,磦
4184,䄭,䄭
4185,扏,扏
4186,蛍,蛍
4187,眀,眀
4188,汜,Shit.
4189,慨,feel sorry
4190,鎍,鎍
4191,圯,factory
4192,遜,be inferiority
4193,飄,float
4194,袓,ancestor
4195,栈,stack
4196,泲,泲
4197,膹,膹
4198,觏,go out of one's head
4199,徙,move
4200,鰲,a long
4201,眳,眳
4202,嚵,嚵
4203,餴,餴
4204,䥲,䥲
4205,帲,帲
4206,憊,exhaustion
4207,㭅,㭅
4208,鼖,鼖
4209,襬,set afoot
4210,秕,chaff
4211,䢴,䢴
4212,壱,壱
4213,䃈,䃈
4214,諰,諰
4215,璠,璠
4216,﨣,﨣
4217,馡,馡
4218,䢞,䢞
4219,厖,厖
4220,寃,寃
4221,參,participate
4222,拪,拪
4223,㷊,㷊
4224,壍,壍
4225,䢁,䢁
4226,䊂,䊂
4227,踫,have a person up
4228,䅃,䅃
4229,聠,聠
4230,䋙,䋙
4231,赦過,pardon
4232,䢿,䢿
4233,鶑,鶑
4234,苯,benzene
4235,澖,澖
4236,峫,峫
4237,仇,grudge
4238,䩩,䩩
4239,毦,毦
4240,㑕,㑕
4241,浂,浂
4242,䍎,䍎
4243,褊,narrow-minded
4244,紛,clash
4245,饲,breed
4246,醱,fermentation
4247,璆,璆
4248,奙,奙
4249,㞮,㞮
4250,亨,prosperity
4251,幩,幩
4252,喲,"Oh, my dear."
4253,汕,the capital city
4254,扁,flat
4255,㓱,㓱
4256,嗄,hooray
4257,嘔,"Oh, my God."
4258,㩄,㩄
4259,跫,footstep
4260,楘,楘
4261,篝,bonanza
4262,㠎,㠎
4263,㗬,㗬
4264,隫,隫
4265,熪,熪
4266,䚲,䚲
4267,橨,橨
4268,飯,meal
4269,呕,"Oh, my God."
4270,眢,an address
4271,㗶,㗶
4272,猿,ape
4273,䔻,䔻
4274,㲁,㲁
4275,舼,舼
4276,菛,菛
4277,薩,go to
4278,㧲,㧲
4279,䀠,䀠
4280,䙹,䙹
4281,㳻,㳻
4282,䮯,䮯
4283,愤,anger
4284,帔,coat
4285,摒,banish
4286,鳚,gun
4287,搽,apply
4288,䰸,䰸
4289,㸨,㸨
4290,鈫,鈫
4291,賎,賎
4292,䓾,䓾
4293,鞏,firm
4294,㗃,㗃
4295,䔮,䔮
4296,彯,彯
4297,腗,腗
4298,讖,foretell
4299,胰,pancreas
4300,淛,淛
4301,䏶,䏶
4302,鍆,chime
4303,㩌,㩌
4304,物,article
4305,硟,硟
4306,姳,姳
4307,鞭,whip
4308,㗴,㗴
4309,絲,thread
4310,笽,笽
4311,橺,橺
4312,䣳,䣳
4313,㻍,㻍
4314,覫,覫
4315,蒈,蒈
4316,彛,彛
4317,㝌,㝌
4318,儩,儩
4319,痦,wake up
4320,苜,clover
4321,溝,ditch
4322,查,check
4323,烗,烗
4324,镹,镹
4325,拮,be hard up for
4326,飞,fly
4327,猭,猭
4328,䦘,䦘
4329,謳,celebrate
4330,紏,紏
4331,斜,tilt
4332,䑦,䑦
4333,楄,楄
4334,毗,adjoin
4335,䂑,䂑
4336,形,shape
4337,拃,拃
4338,㥿,㥿
4339,愂,愂
4340,沤,decay
4341,骠,hussy
4342,紊,disorderly
4343,鮁,Chinese mackerel
4344,堓,堓
4345,界,boundary
4346,窉,窉
4347,粨,粨
4348,冩,冩
4349,洢,洢
4350,捂,block
4351,翑,翑
4352,鎞,鎞
4353,凕,凕
4354,㳏,㳏
4355,䐴,䐴
4356,婏,婏
4357,斮,斮
4358,抯,抯
4359,僄,僄
4360,䡶,䡶
4361,䄕,䄕
4362,弱,weak
4363,裶,裶
4364,苪,苪
4365,田,field
4366,䊅,䊅
4367,釢,釢
4368,夼,go to death
4369,贆,贆
4370,㺚,㺚
4371,蘛,蘛
4372,瞘,deep
4373,钨,tungsten
4374,皶,皶
4375,㿟,㿟
4376,鳑,鳑
4377,冁,let out
4378,黿,soft-shelled turtle
4379,㶢,㶢
4380,䎺,䎺
4381,䪘,䪘
4382,濆,濆
4383,䚹,䚹
4384,矩,upright
4385,戳,poke
4386,蓂,蓂
4387,豾,豾
4388,䭖,䭖
4389,醅,fermented grains
4390,慚,ashamed
4391,飓,hurriches
4392,慦,慦
4393,㔻,㔻
4394,彝,one's wife
4395,墩,block
4396,劬,give birth to
4397,思,think
4398,骩,骩
4399,竝,竝
4400,術,art
4401,噁,evil
4402,蝙,bat
4403,猽,猽
4404,䴮,䴮
4405,訊,report
4406,䡨,䡨
4407,禵,禵
4408,茣,茣
4409,㒢,㒢
4410,㮛,㮛
4411,芥,mustard
4412,惿,惿
4413,㳠,㳠
4414,㛠,㛠
4415,霽,bright
4416,㸙,㸙
4417,桋,桋
4418,抅,抅
4419,䣪,䣪
4420,歸,return
4421,䲎,䲎
4422,駛,drive
4423,柭,柭
4424,趌,趌
4425,䖕,䖕
4426,洿,洿
4427,潹,潹
4428,㰛,㰛
4429,㼟,㼟
4430,袕,袕
4431,㺽,㺽
4432,蝺,蝺
4433,炌,炌
4434,鑇,鑇
4435,譖,slander
4436,稊,稊
4437,閅,閅
4438,䪷,䪷
4439,綩,綩
4440,楥,楥
4441,鏊,flat
4442,媘,媘
4443,朇,朇
4444,提,raise
4445,䪤,䪤
4446,蕛,蕛
4447,䪡,䪡
4448,迕,break
4449,䕱,䕱
4450,䛮,䛮
4451,郖,郖
4452,漦,漦
4453,䇡,䇡
4454,施,apply
4455,蕜,蕜
4456,勾,catch
4457,疷,疷
4458,凿,chisel
4459,㺾,㺾
4460,耪,plow
4461,泉,spring
4462,赸,赸
4463,梂,梂
4464,㱬,㱬
4465,觝,觝
4466,騩,騩
4467,䯰,䯰
4468,覣,覣
4469,䣏,䣏
4470,揼,揼
4471,挬,挬
4472,哖,year
4473,䂬,䂬
4474,鵓,the whole world
4475,炏,炏
4476,戋,barely
4477,梭,shuttle
4478,梪,梪
4479,冦,冦
4480,棈,棈
4481,裵,裵
4482,刑,punishment
4483,鉂,鉂
4484,焴,焴
4485,䬁,䬁
4486,庞,bulky
4487,陂,background
4488,祕,covert
4489,燉,stew
4490,雁,wild goose
4491,蜤,蜤
4492,䁭,䁭
4493,潗,潗
4494,毘,one's breadth
4495,瞟,glance
4496,鬖,鬖
4497,坋,坋
4498,㝑,㝑
4499,茒,茒
4500,竇,cavity
4501,瀌,瀌
4502,刎,cut
4503,誁,誁
4504,㗸,㗸
4505,苧,ramie
4506,厫,厫
4507,娪,娪
4508,媥,媥
4509,赣,go deep
4510,㣎,㣎
4511,鑱,鑱
4512,崆,not carefree
4513,篢,篢
4514,䃮,䃮
4515,啎,啎
4516,䕴,䕴
4517,想,think
4518,眎,眎
4519,崸,崸
4520,徘,hover
4521,㡸,㡸
4522,擙,擙
4523,蘒,蘒
4524,萞,萞
4525,䟛,䟛
4526,䉦,䉦
4527,蒰,蒰
4528,弅,弅
4529,爠,爠
4530,㫭,㫭
4531,姤,姤
4532,䕰,䕰
4533,隭,隭
4534,訄,訄
4535,螙,螙
4536,詒,first
4537,埧,埧
4538,䏒,䏒
4539,雮,雮
4540,鶙,鶙
4541,餵,Hello?
4542,釬,釬
4543,铵,ammonium
4544,鏶,鏶
4545,税,tax
4546,栟,栟
4547,䰩,䰩
4548,盚,盚
4549,奷,奷
4550,渀,渀
4551,䤀,䤀
4552,旱,drought
4553,艽,wild vegetation
4554,㔙,㔙
4555,逹,come to
4556,㢰,㢰
4557,㴾,㴾
4558,厶,厶
4559,纺,spin
4560,炋,炋
4561,醥,醥
4562,靟,靟
4563,咀,mouth
4564,閈,閈
4565,娑,whirling
4566,沐,bathe
4567,餠,餠
4568,眙,close
4569,憤,anger
4570,人,person
4571,犗,犗
4572,箇,individual
4573,㭍,㭍
4574,鎢,tungsten
4575,噎,choke
4576,魪,魪
4577,豼,豼
4578,笮,the size of a wave
4579,迤,extend
4580,引,draw
4581,媤,媤
4582,輚,輚
4583,淺,shallow
4584,詐,deceive
4585,损,harm
4586,蒆,蒆
4587,嫖,whoring
4588,䕖,䕖
4589,㭆,㭆
4590,禔,禔
4591,深,deep
4592,䄈,䄈
4593,鶩,flock
4594,㪆,㪆
4595,㬬,㬬
4596,奡,奡
4597,䅺,䅺
4598,斒,斒
4599,㜰,㜰
4600,㹪,㹪
4601,涥,涥
4602,蚣,a long way off the hook
4603,䞏,䞏
4604,鈣,calcium
4605,犜,犜
4606,龚,public service
4607,䒶,䒶
4608,寠,寠
4609,憡,憡
4610,異常,abnormality
4611,編,weave
4612,皮,skin
4613,犏,downing
4614,啡,coffee
4615,媎,媎
4616,搬,carry
4617,卭,卭
4618,疽,gangrene
4619,㲚,㲚
4620,怛,barely
4621,酏,chap
4622,咎,blame
4623,蛳,lion
4624,伓,伓
4625,墸,墸
4626,鄔,"Oh, my God!"
4627,査,check
4628,瞶,瞶
4629,借,borrow
4630,圸,mountaintop
4631,㾹,㾹
4632,泤,泤
4633,椧,椧
4634,以,with
4635,脰,a long ago
4636,悾,悾
4637,乧,乧
4638,謸,謸
4639,讆,讆
4640,㧠,㧠
4641,鼰,鼰
4642,㜩,㜩
4643,䜪,䜪
4644,㛒,㛒
4645,渤,the Baltic Sea
4646,魾,魾
4647,唦,the wind of the field
4648,䁚,䁚
4649,乃,but
4650,钎,drill
4651,湓,spring outburstead
4652,䥇,䥇
4653,駟,four-year
4654,䀣,䀣
4655,胮,胮
4656,背,carry
4657,渿,渿
4658,釧,cuff
4659,購,buy
4660,㥬,㥬
4661,磇,磇
4662,媴,媴
4663,傍,lean on
4664,理想,ideal
4665,跚,bump
4666,闎,闎
4667,返,return
4668,隩,隩
4669,匃,匃
4670,翤,翤
4671,㑆,㑆
4672,倒錯,be wrong
4673,氛,atmosphere
4674,䉾,䉾
4675,捹,捹
4676,婓,婓
4677,螌,螌
4678,鰟,鰟
4679,裟,cuff
4680,厹,厹
4681,惫,exhaustion
4682,螱,螱
4683,儥,儥
4684,欰,xu.
4685,兲,兲
4686,惼,惼
4687,袘,bank
4688,䲲,䲲
4689,龜,turtle
4690,頙,頙
4691,䧯,䧯
4692,驷,four-year
4693,豮,豮
4694,闲,leisure
4695,嗟,sigh
4696,勢,potential
4697,㯩,㯩
4698,䑄,䑄
4699,䫁,䫁
4700,士,scholar
4701,㺑,㺑
4702,悍,brave
4703,筇,still
4704,毴,毴
4705,籱,籱
4706,鞆,鞆
4707,僢,僢
4708,㝤,㝤
4709,槓,stick
4710,䇁,䇁
4711,稭,稭
4712,甌,ou
4713,锴,body
4714,慸,慸
4715,澌,see
4716,陑,陑
4717,洒,spill
4718,亀,亀
4719,藀,藀
4720,逇,逇
4721,视,look at one's pleasure
4722,頤,eat
4723,瓵,瓵
4724,蒡,burdock
4725,㭣,㭣
4726,究院,a research institute
4727,䊆,䊆
4728,過,cross
4729,熛,熛
4730,侀,侀
4731,鹜,flock
4732,㳋,㳋
4733,尯,尯
4734,㶾,㶾
4735,剤,剤
4736,竚,竚
4737,䛀,䛀
4738,䄺,䄺
4739,喂,Hello?
4740,觓,觓
4741,姹,a variety of flowers
4742,敦,heavy
4743,褤,褤
4744,鎊,pound
4745,犩,犩
4746,徱,徱
4747,笖,笖
4748,仵,仵
4749,屏,screen
4750,漇,漇
4751,㞖,㞖
4752,趧,趧
4753,螒,螒
4754,奔,gallop
4755,旚,旚
4756,䘠,䘠
4757,鎣,think back
4758,䵐,䵐
4759,㸮,㸮
4760,䖤,䖤
4761,牮,prop
4762,杣,杣
4763,㜜,㜜
4764,司,department
4765,䑯,䑯
4766,祄,祄
4767,钼,molybdenum
4768,個,individual
4769,榯,榯
4770,偮,偮
4771,柸,柸
4772,岁,year
4773,耍,make a trick on
4774,掵,掵
4775,潠,潠
4776,牾,catch
4777,抖,shake
4778,㱵,㱵
4779,礅,pierce
4780,㗊,㗊
4781,㦖,㦖
4782,䔬,䔬
4783,盶,盶
4784,畁,畁
4785,枾,枾
4786,吩,give instructions
4787,炟,炟
4788,供,offer
4789,蹏,蹏
4790,圫,圫
4791,毶,毶
4792,䔋,䔋
4793,魀,魀
4794,䐿,䐿
4795,巳,already
4796,仴,仴
4797,㪍,㪍
4798,䠙,䠙
4799,盋,盋
4800,幫,help
4801,㰯,㰯
4802,搝,搝
4803,脴,greenhouse
4804,䣉,䣉
4805,穡,cultivate
4806,赊,credit
4807,嫯,嫯
4808,䭇,䭇
4809,䧛,䧛
4810,僝,僝
4811,岴,岴
4812,奺,奺
4813,㔗,㔗
4814,霏,fall off
4815,㣟,㣟
4816,䭿,䭿
4817,鹇,pheasant
4818,釓,gadolinium
4819,昞,昞
4820,浝,浝
4821,勓,勓
4822,錍,錍
4823,䐗,䐗
4824,亼,亼
4825,匾,pla
4826,儲,save
4827,糞,dung
4828,佶,luck
4829,䕗,䕗
4830,鲏,鲏
4831,㔜,㔜
4832,杝,杝
4833,㮄,㮄
4834,䰚,䰚
4835,洁,clean
4836,衩,barely
4837,侕,侕
4838,埞,埞
4839,喡,喡
4840,琲,琲
4841,䓳,䓳
4842,煹,煹
4843,聜,聜
4844,偋,偋
4845,佘,she
4846,訑,訑
4847,䢌,䢌
4848,䝜,䝜
4849,菚,菚
4850,虘,虘
4851,韪,condemn
4852,奤,奤
4853,茦,茦
4854,蒝,蒝
4855,蠹,beetle
4856,䕿,䕿
4857,籵,籵
4858,执,stick to
4859,䈌,䈌
4860,傪,傪
4861,馹,馹
4862,媐,媐
4863,醍,go to one's mouth
4864,貱,貱
4865,邢,a man of distinction
4866,㢪,㢪
4867,肆,have aBout
4868,嶘,嶘
4869,銫,cesium
4870,瀃,瀃
4871,㸄,㸄
4872,豆,beans
4873,舴,the completion of a load
4874,鼭,鼭
4875,蔻,cardamom
4876,洺,洺
4877,褨,褨
4878,㺇,㺇
4879,幚,幚
4880,蛦,蛦
