,Unnamed: 0,hangul_word,english_phrase,hanja_word,hangul_syllable_chain,chain_with_trans
0,0,휴대,being portable,携帶,"['휴', '대']",휴 (Phew) + 대 (Versus)
0,0,휴대,being portable,携帶,['휴대'],휴대 (Carrying)
1,1,형,elder brother from male pov,,형,형 (Brother)
2,2,피곤하다,tired,,"['피', '곤']",피 (Blood) + 곤 (gon)
2,2,피곤하다,tired,,['피곤'],피곤 (fatigue)
3,3,포도,grape,葡萄,"['포', '도']",포 (cannon) + 도 (degree)
3,3,포도,grape,葡萄,['포도'],포도 (grape)
4,4,팔,arm | eight,,팔,팔 (Arm)
5,5,크다,big,,크,크 (big)
6,6,춥다,cold,,춥,춥 (Cold)
7,7,착하다,to be kind / good-natured,,착,착 (Here)
8,8,차,car | tea,,차,차 (Tea)
9,9,집,house,,집,집 (Home)
10,10,정말,"really, truly",,"['정', '말']",정 (Attachment) + 말 (Horse)
10,10,정말,"really, truly",,['정말'],정말 (Really)
11,11,전화,cellular phone | telephone,電話,"['전', '화']",전 (Jeon) + 화 (anger)
11,11,전화,cellular phone | telephone,電話,['전화'],전화 (Phone)
12,12,저,he / she | that,,저,저 (That)
13,13,재미있다,interesting,,"['재', '미', '있']",재 (Ashes) + 미 (Beauty) + 있 (There is)
13,13,재미있다,interesting,,"['재', '미있']",재 (Ashes) + 미있 (It's meaningful)
13,13,재미있다,interesting,,"['재미', '있']",재미 (Fun) + 있 (There is)
13,13,재미있다,interesting,,['재미있'],재미있 (It's fun)
14,14,작다,small,,작,작 (work)
15,15,입다,to wear / to put on,,입,입 (Mouth)
16,16,일,one | day | work,,일,일 (Work)
17,17,이,this | two,,이,이 (Tooth)
18,18,운동하다,to exercise / to work out,運動하다,"['운', '동']",운 (luck) + 동 (East)
18,18,운동하다,to exercise / to work out,運動하다,['운동'],운동 (Exercise)
19,19,우리,we / our,,"['우', '리']",우 (Ooh) + 리 (Lee)
19,19,우리,we / our,,['우리'],우리 (We)
20,20,예술의,arts,,"['예', '술', '의']",예 (Yes) + 술 (Alcohol) + 의 (of)
20,20,예술의,arts,,"['예', '술의']",예 (Yes) + 술의 (liquor)
20,20,예술의,arts,,"['예술', '의']",예술 (Art) + 의 (of)
20,20,예술의,arts,,['예술의'],예술의 (art)
21,21,예쁘다,pretty,,"['예', '쁘']",예 (Yes) + 쁘 (P)
21,21,예쁘다,pretty,,['예쁘'],예쁘 (Pretty)
22,22,열,ten | fever,,열,열 (Heat)
23,23,언니,elder sister (female pov),,"['언', '니']",언 (Frozen) + 니 (You)
23,23,언니,elder sister (female pov),,['언니'],언니 (older sister)
24,24,안,inside | not,,안,안 (inside)
25,25,아프다,to be hurting / ill / in pain / hurt,,"['아', '프']",아 (Ah.) + 프 (P)
25,25,아프다,to be hurting / ill / in pain / hurt,,['아프'],아프 (hurt)
26,26,아주,very / quite,,"['아', '주']",아 (Ah.) + 주 (Week)
26,26,아주,very / quite,,['아주'],아주 (Very.)
27,27,쓰다,to wear / to put on (a hat) | to write,,쓰,쓰 (S)
28,28,살,-years old/counting unit for age | flesh,,살,살 (flesh)
29,29,사람,human / person,,"['사', '람']",사 (Buy) + 람 (rams)
29,29,사람,human / person,,['사람'],사람 (People)
30,30,비싸다,expensive,,"['비', '싸']",비 (Rain) + 싸 (It's cheap)
30,30,비싸다,expensive,,['비싸'],비싸 (It's expensive)
31,31,분,minute,,분,분 (minute.)
32,32,보다,to see / to watch / to look at,,보,보 (step)
33,33,보내다,to send / to mail,,"['보', '내']",보 (step) + 내 (My)
33,33,보내다,to send / to mail,,['보내'],보내 (Send it)
34,34,배고프다,hungry,,"['배', '고', '프']",배 (ship) + 고 (High) + 프 (P)
34,34,배고프다,hungry,,"['배', '고프']",배 (ship) + 고프 (Goff)
34,34,배고프다,hungry,,"['배고', '프']",배고 (I'm hungry) + 프 (P)
34,34,배고프다,hungry,,['배고프'],배고프 (I'm hungry)
35,35,배,abdomen / stomach | ship/boat,,배,배 (ship)
36,36,방,room with a bed,,방,방 (Room)
37,37,밥,steamed rice | meal,,밥,밥 (Rice)
38,38,바쁘다,busy,,"['바', '쁘']",바 (Bar) + 쁘 (P)
38,38,바쁘다,busy,,['바쁘'],바쁘 (Busy)
39,39,바꾸다,to change | to exchange,,"['바', '꾸']",바 (Bar) + 꾸 (Goo)
39,39,바꾸다,to change | to exchange,,['바꾸'],바꾸 (Change it)
40,40,뭘,what (object),,뭘,뭘 (What?)
41,41,무슨,what kind of,,"['무', '슨']",무 (Radish) + 슨 (Son of a)
41,41,무슨,what kind of,,['무슨'],무슨 (What)
42,42,무섭다,scary,,"['무', '섭']",무 (Radish) + 섭 (Mussel)
42,42,무섭다,scary,,['무섭'],무섭 (I'm scared)
43,43,무겁다,heavy,,"['무', '겁']",무 (Radish) + 겁 (Fear)
43,43,무겁다,heavy,,['무겁'],무겁 (Heavy)
44,44,목,neck / throat / body,,목,목 (Neck)
45,45,멀다,far,,멀,멀 (Mul)
46,46,맵다,hot and spicy,,맵,맵 (Map)
47,47,매일,every day,每日,"['매', '일']",매 (Every) + 일 (Work)
47,47,매일,every day,每日,['매일'],매일 (every day)
48,48,많이,a lot / many / much,,"['많', '이']",많 (A lot) + 이 (Tooth)
48,48,많이,a lot / many / much,,['많이'],많이 (Much)
49,49,듣다,to listen / to hear -들 plural marker,,듣,듣 (Listen)
50,50,덥다,hot,,덥,덥 (The)
51,51,대학생,university student,大學生,"['대', '학', '생']",대 (Versus) + 학 (Crane) + 생 (Saint)
51,51,대학생,university student,大學生,"['대', '학생']",대 (Versus) + 학생 (Student)
51,51,대학생,university student,大學生,"['대학', '생']",대학 (university) + 생 (Saint)
51,51,대학생,university student,大學生,['대학생'],대학생 (a university student)
52,52,눈,eye | snow,,눈,눈 (Eyes)
53,53,나쁘다,bad,,"['나', '쁘']",나 (I) + 쁘 (P)
53,53,나쁘다,bad,,['나쁘'],나쁘 (bad)
54,54,길다,long,,길,길 (way)
55,55,힘들다,laborous hard,,"['힘', '들']",힘 (Force) + 들 (Field)
55,55,힘들다,laborous hard,,['힘들'],힘들 (Tired)
56,56,휴가,leave / vacation,休暇,"['휴', '가']",휴 (Phew) + 가 (go)
56,56,휴가,leave / vacation,休暇,['휴가'],휴가 (Vacation)
57,57,회의하다,to hold a meeting,,"['회', '의']",회 (Raw fish) + 의 (of)
57,57,회의하다,to hold a meeting,,['회의'],회의 (a conference)
58,58,회색,grey,灰色,"['회', '색']",회 (Raw fish) + 색 (Colors)
58,58,회색,grey,灰色,['회색'],회색 (Gray)
59,59,회사원,company employee,會社員,"['회', '사', '원']",회 (Raw fish) + 사 (Buy) + 원 (Circle)
59,59,회사원,company employee,會社員,"['회', '사원']",회 (Raw fish) + 사원 (Employee)
59,59,회사원,company employee,會社員,"['회사', '원']",회사 (Company) + 원 (Circle)
59,59,회사원,company employee,會社員,['회사원'],회사원 (an office worker)
60,60,회사,company,會社,"['회', '사']",회 (Raw fish) + 사 (Buy)
60,60,회사,company,會社,['회사'],회사 (Company)
61,61,화장실,rest room,化粧室,"['화', '장', '실']",화 (anger) + 장 (chapter) + 실 (thread)
61,61,화장실,rest room,化粧室,"['화', '장실']",화 (anger) + 장실 (a funeral home)
61,61,화장실,rest room,化粧室,"['화장', '실']",화장 (Makeup) + 실 (thread)
61,61,화장실,rest room,化粧室,['화장실'],화장실 (Washroom.)
62,62,화요일,Tuesday,火曜日,"['화', '요', '일']",화 (anger) + 요 (yo) + 일 (Work)
62,62,화요일,Tuesday,火曜日,"['화', '요일']",화 (anger) + 요일 (Day of the week)
62,62,화요일,Tuesday,火曜日,"['화요', '일']",화요 (Tuesday) + 일 (Work)
62,62,화요일,Tuesday,火曜日,['화요일'],화요일 (Tuesday)
63,63,홍차,black tea,紅茶,"['홍', '차']",홍 (Hong) + 차 (Tea)
63,63,홍차,black tea,紅茶,['홍차'],홍차 (black tea)
64,64,혼자,alone,,"['혼', '자']",혼 (soul) + 자 (Let's.)
64,64,혼자,alone,,['혼자'],혼자 (Alone)
65,65,호텔,hotel,,"['호', '텔']",호 (issue) + 텔 (Tell)
65,65,호텔,hotel,,['호텔'],호텔 (Hotel)
66,66,호주,Australia,濠洲,"['호', '주']",호 (issue) + 주 (Week)
66,66,호주,Australia,濠洲,['호주'],호주 (Australia)
67,67,호선,subway line number,號線,"['호', '선']",호 (issue) + 선 (Line)
67,67,호선,subway line number,號線,['호선'],호선 (a line of honor)
68,68,허리,waist,,"['허', '리']",허 (Huh) + 리 (Lee)
68,68,허리,waist,,['허리'],허리 (Waist)
69,69,햄버거,hamburger,,"['햄', '버', '거']",햄 (Ham) + 버 (Bur) + 거 (Yes)
69,69,햄버거,hamburger,,"['햄', '버거']",햄 (Ham) + 버거 (The burger)
69,69,햄버거,hamburger,,"['햄버', '거']",햄버 (a hamburger) + 거 (Yes)
69,69,햄버거,hamburger,,['햄버거'],햄버거 (hamburger)
70,70,핸드폰,mobile phone,,"['핸', '드', '폰']","핸 (""HAN) + 드 (De) + 폰 (phone)"
70,70,핸드폰,mobile phone,,"['핸', '드폰']","핸 (""HAN) + 드폰 (DePhone)"
70,70,핸드폰,mobile phone,,"['핸드', '폰']",핸드 (Hand) + 폰 (phone)
70,70,핸드폰,mobile phone,,['핸드폰'],핸드폰 (Cell phone)
71,71,항상,always,恒常,"['항', '상']",항 (clause) + 상 (Prize)
71,71,항상,always,恒常,['항상'],항상 (All the time)
72,72,할아버지,grandfather,,"['할', '아', '버', '지']",할 (Hal) + 아 (Ah.) + 버 (Bur) + 지 (Ji)
72,72,할아버지,grandfather,,"['할', '아', '버지']",할 (Hal) + 아 (Ah.) + 버지 (Father)
72,72,할아버지,grandfather,,"['할', '아버', '지']",할 (Hal) + 아버 (Father) + 지 (Ji)
72,72,할아버지,grandfather,,"['할', '아버지']",할 (Hal) + 아버지 (father)
72,72,할아버지,grandfather,,"['할아', '버', '지']",할아 (grandmother) + 버 (Bur) + 지 (Ji)
72,72,할아버지,grandfather,,"['할아', '버지']",할아 (grandmother) + 버지 (Father)
72,72,할아버지,grandfather,,"['할아버', '지']",할아버 (grandfather) + 지 (Ji)
72,72,할아버지,grandfather,,['할아버지'],할아버지 (Grandfather)
73,73,할머니,grandmother,,"['할', '머', '니']",할 (Hal) + 머 (What?) + 니 (You)
73,73,할머니,grandmother,,"['할', '머니']",할 (Hal) + 머니 (Money)
73,73,할머니,grandmother,,"['할머', '니']",할머 (grandmother) + 니 (You)
73,73,할머니,grandmother,,['할머니'],할머니 (Grandma.)
74,74,한복,hanbok (traditional Korean costume),韓服,"['한', '복']",한 (han) + 복 (luck)
74,74,한복,hanbok (traditional Korean costume),韓服,['한복'],한복 (Hanbok)
75,75,한번,once,,"['한', '번']",한 (han) + 번 (Earned)
75,75,한번,once,,['한번'],한번 (Once)
76,76,한라산,Hallasan,漢拏山,"['한', '라', '산']",한 (han) + 라 (La) + 산 (Mountain)
76,76,한라산,Hallasan,漢拏山,"['한', '라산']",한 (han) + 라산 (Lasan Mountain)
76,76,한라산,Hallasan,漢拏山,"['한라', '산']",한라 (Halla) + 산 (Mountain)
76,76,한라산,Hallasan,漢拏山,['한라산'],한라산 (Halla Mountain)
77,77,한국어,Korean (language),韓國語,"['한', '국', '어']",한 (han) + 국 (Soup) + 어 (Uh.)
77,77,한국어,Korean (language),韓國語,"['한', '국어']",한 (han) + 국어 (Korean language)
77,77,한국어,Korean (language),韓國語,"['한국', '어']",한국 (Korea) + 어 (Uh.)
77,77,한국어,Korean (language),韓國語,['한국어'],한국어 (Korean)
78,78,한국,Korea,韓國,"['한', '국']",한 (han) + 국 (Soup)
78,78,한국,Korea,韓國,['한국'],한국 (Korea)
79,79,한,one (when modifying a counting unit that follows),,한,한 (han)
80,80,학생,student,學生,"['학', '생']",학 (Crane) + 생 (Saint)
80,80,학생,student,學生,['학생'],학생 (Student)
81,81,학교,school,學校,"['학', '교']",학 (Crane) + 교 (Religion)
81,81,학교,school,學校,['학교'],학교 (School)
82,82,하얀색,white,,"['하', '얀', '색']",하 (Ha) + 얀 (Hello) + 색 (Colors)
82,82,하얀색,white,,"['하', '얀색']",하 (Ha) + 얀색 (a light color)
82,82,하얀색,white,,"['하얀', '색']",하얀 (white) + 색 (Colors)
82,82,하얀색,white,,['하얀색'],하얀색 (White)
83,83,하루,one day,,"['하', '루']",하 (Ha) + 루 (R u)
83,83,하루,one day,,['하루'],하루 (One day)
84,84,하다,to do,,,
85,85,하나,one,,"['하', '나']",하 (Ha) + 나 (I)
85,85,하나,one,,['하나'],하나 (One.)
86,86,피자,pizza,,"['피', '자']",피 (Blood) + 자 (Let's.)
86,86,피자,pizza,,['피자'],피자 (Pizza)
87,87,피우다,to smoke (a cigarette),,"['피', '우']",피 (Blood) + 우 (Ooh)
87,87,피우다,to smoke (a cigarette),,['피우'],피우 (Blood)
88,88,피아노,piano,,"['피', '아', '노']",피 (Blood) + 아 (Ah.) + 노 (Paddle)
88,88,피아노,piano,,"['피', '아노']","피 (Blood) + 아노 (Oh, no)"
88,88,피아노,piano,,"['피아', '노']",피아 (The Pia) + 노 (Paddle)
88,88,피아노,piano,,['피아노'],피아노 (Piano)
89,89,피라미드,pyramid,,"['피', '라', '미', '드']",피 (Blood) + 라 (La) + 미 (Beauty) + 드 (De)
89,89,피라미드,pyramid,,"['피', '라', '미드']",피 (Blood) + 라 (La) + 미드 (Mid)
89,89,피라미드,pyramid,,"['피', '라미', '드']",피 (Blood) + 라미 (Rami) + 드 (De)
89,89,피라미드,pyramid,,"['피', '라미드']",피 (Blood) + 라미드 (Lamid)
89,89,피라미드,pyramid,,"['피라', '미', '드']",피라 (a piranha) + 미 (Beauty) + 드 (De)
89,89,피라미드,pyramid,,"['피라', '미드']",피라 (a piranha) + 미드 (Mid)
89,89,피라미드,pyramid,,"['피라미', '드']",피라미 (the Great Pyramid) + 드 (De)
89,89,피라미드,pyramid,,['피라미드'],피라미드 (The Pyramid)
90,90,피,blood,,피,피 (Blood)
91,91,프랑스어,French (language),,"['프', '랑', '스', '어']",프 (P) + 랑 (with) + 스 (S) + 어 (Uh.)
91,91,프랑스어,French (language),,"['프', '랑', '스어']",프 (P) + 랑 (with) + 스어 (S)
91,91,프랑스어,French (language),,"['프', '랑스', '어']",프 (P) + 랑스 (Rance) + 어 (Uh.)
91,91,프랑스어,French (language),,"['프', '랑스어']",프 (P) + 랑스어 (French)
91,91,프랑스어,French (language),,"['프랑', '스', '어']",프랑 (French francs) + 스 (S) + 어 (Uh.)
91,91,프랑스어,French (language),,"['프랑', '스어']",프랑 (French francs) + 스어 (S)
91,91,프랑스어,French (language),,"['프랑스', '어']",프랑스 (France) + 어 (Uh.)
91,91,프랑스어,French (language),,['프랑스어'],프랑스어 (French)
92,92,프랑스,France,,"['프', '랑', '스']",프 (P) + 랑 (with) + 스 (S)
92,92,프랑스,France,,"['프', '랑스']",프 (P) + 랑스 (Rance)
92,92,프랑스,France,,"['프랑', '스']",프랑 (French francs) + 스 (S)
92,92,프랑스,France,,['프랑스'],프랑스 (France)
93,93,표,ticket,,표,표 (a ticket)
94,94,포크,fork,,"['포', '크']",포 (cannon) + 크 (big)
94,94,포크,fork,,['포크'],포크 (Fork)
95,95,편하다,comfortable,,편,편 (Side)
96,96,편지,letter,便紙,"['편', '지']",편 (Side) + 지 (Ji)
96,96,편지,letter,便紙,['편지'],편지 (Letters)
97,97,파티,party,,"['파', '티']",파 (Welsh onion) + 티 (Tea)
97,97,파티,party,,['파티'],파티 (Party)
98,98,파리,Paris,,"['파', '리']",파 (Welsh onion) + 리 (Lee)
98,98,파리,Paris,,['파리'],파리 (Paris.)
99,99,파란색,blue,,"['파', '란', '색']",파 (Welsh onion) + 란 (Column) + 색 (Colors)
99,99,파란색,blue,,"['파', '란색']",파 (Welsh onion) + 란색 (Yellow)
99,99,파란색,blue,,"['파란', '색']",파란 (blue) + 색 (Colors)
99,99,파란색,blue,,['파란색'],파란색 (Blue)
100,100,티셔츠,T-shirt,,"['티', '셔', '츠']",티 (Tea) + 셔 (It's sour) + 츠 (Chew)
100,100,티셔츠,T-shirt,,"['티', '셔츠']",티 (Tea) + 셔츠 (shirts)
100,100,티셔츠,T-shirt,,"['티셔', '츠']",티셔 (Tisher) + 츠 (Chew)
100,100,티셔츠,T-shirt,,['티셔츠'],티셔츠 (T-shirt)
101,101,특히,especially,,"['특', '히']",특 (Special) + 히 (He)
101,101,특히,especially,,['특히'],특히 (especially)
102,102,투표하다,to vote,投票하다,"['투', '표']",투 (Two) + 표 (a ticket)
102,102,투표하다,to vote,投票하다,['투표'],투표 (Voting)
103,103,투표,vote,投票,"['투', '표']",투 (Two) + 표 (a ticket)
103,103,투표,vote,投票,['투표'],투표 (Voting)
104,104,토요일,Saturday,土曜日,"['토', '요', '일']",토 (Toe) + 요 (yo) + 일 (Work)
104,104,토요일,Saturday,土曜日,"['토', '요일']",토 (Toe) + 요일 (Day of the week)
104,104,토요일,Saturday,土曜日,"['토요', '일']",토요 (Saturday) + 일 (Work)
104,104,토요일,Saturday,土曜日,['토요일'],토요일 (Saturday)
105,105,텔레비전,television,,"['텔', '레', '비', '전']","텔 (Tell) + 레 (""Re"") + 비 (Rain) + 전 (Jeon)"
105,105,텔레비전,television,,"['텔', '레', '비전']","텔 (Tell) + 레 (""Re"") + 비전 (Vision)"
105,105,텔레비전,television,,"['텔', '레비', '전']",텔 (Tell) + 레비 (Levy) + 전 (Jeon)
105,105,텔레비전,television,,"['텔', '레비전']",텔 (Tell) + 레비전 (Revisions)
105,105,텔레비전,television,,"['텔레', '비', '전']",텔레 (Tele) + 비 (Rain) + 전 (Jeon)
105,105,텔레비전,television,,"['텔레', '비전']",텔레 (Tele) + 비전 (Vision)
105,105,텔레비전,television,,"['텔레비', '전']",텔레비 (television) + 전 (Jeon)
105,105,텔레비전,television,,['텔레비전'],텔레비전 (Television)
106,106,테니스,tennis,,"['테', '니', '스']",테 (The) + 니 (You) + 스 (S)
106,106,테니스,tennis,,"['테', '니스']",테 (The) + 니스 (Nice)
106,106,테니스,tennis,,"['테니', '스']",테니 (TENNIE) + 스 (S)
106,106,테니스,tennis,,['테니스'],테니스 (Tennis)
107,107,택시,taxi,,"['택', '시']",택 (Tack) + 시 (Poetry)
107,107,택시,taxi,,['택시'],택시 (a taxi)
108,108,태권도,taekwondo,跆拳道,"['태', '권', '도']",태 (a form) + 권 (Kwon) + 도 (degree)
108,108,태권도,taekwondo,跆拳道,"['태', '권도']",태 (a form) + 권도 (the capital of the world)
108,108,태권도,taekwondo,跆拳道,"['태권', '도']",태권 (Taekwondo) + 도 (degree)
108,108,태권도,taekwondo,跆拳道,['태권도'],태권도 (Taekwondo)
109,109,타다,to get on to ride,,타,타 (get in)
110,110,콧물,runny nose,,"['콧', '물']",콧 (The nose) + 물 (Water)
110,110,콧물,runny nose,,['콧물'],콧물 (Runny nose)
111,111,콜라,cola,,"['콜', '라']",콜 (call) + 라 (La)
111,111,콜라,cola,,['콜라'],콜라 (Coke)
112,112,코트,coat,,"['코', '트']",코 (The nose) + 트 (T)
112,112,코트,coat,,['코트'],코트 (Coat)
113,113,코,nose,,코,코 (The nose)
114,114,케이크,cake,,"['케', '이', '크']",케 (K) + 이 (Tooth) + 크 (big)
114,114,케이크,cake,,"['케', '이크']",케 (K) + 이크 (Jeez.)
114,114,케이크,cake,,"['케이', '크']",케이 (Kei) + 크 (big)
114,114,케이크,cake,,['케이크'],케이크 (Cake)
115,115,컴퓨터,computer,,"['컴', '퓨', '터']",컴 (Come on) + 퓨 (Pew) + 터 (Site)
115,115,컴퓨터,computer,,"['컴', '퓨터']",컴 (Come on) + 퓨터 (Putter)
115,115,컴퓨터,computer,,"['컴퓨', '터']",컴퓨 (Computer) + 터 (Site)
115,115,컴퓨터,computer,,['컴퓨터'],컴퓨터 (Computer)
116,116,커피숍,coffee shop,,"['커', '피', '숍']",커 (Big) + 피 (Blood) + 숍 (The shop)
116,116,커피숍,coffee shop,,"['커', '피숍']",커 (Big) + 피숍 (Pishop)
116,116,커피숍,coffee shop,,"['커피', '숍']",커피 (Coffee) + 숍 (The shop)
116,116,커피숍,coffee shop,,['커피숍'],커피숍 (Coffee shop)
117,117,커피,coffee,,"['커', '피']",커 (Big) + 피 (Blood)
117,117,커피,coffee,,['커피'],커피 (Coffee)
118,118,캐나다,Canada,,"['캐', '나']",캐 (Ca) + 나 (I)
118,118,캐나다,Canada,,['캐나'],캐나 (Canada)
119,119,카메라,camera,,"['카', '메', '라']",카 (Car) + 메 (Me) + 라 (La)
119,119,카메라,camera,,"['카', '메라']",카 (Car) + 메라 (The camera)
119,119,카메라,camera,,"['카메', '라']",카메 (Cameras) + 라 (La)
119,119,카메라,camera,,['카메라'],카메라 (Camera)
120,120,침대,bed,寢臺,"['침', '대']",침 (Saliva) + 대 (Versus)
120,120,침대,bed,寢臺,['침대'],침대 (Bed)
121,121,칠,seven,,칠,칠 (painting)
122,122,친구,friend,親舊,"['친', '구']",친 (one's own family) + 구 (District)
122,122,친구,friend,親舊,['친구'],친구 (Friend)
123,123,치마,skirt,,"['치', '마']",치 (phooey) + 마 (bad luck)
123,123,치마,skirt,,['치마'],치마 (Skirt.)
124,124,치다,to play / to hit / to strike,,치,치 (phooey)
125,125,층,floor,,층,층 (Layer)
126,126,춤추다,to dance,,"['춤', '추']","춤 (Dance) + 추 (""Chu)"
126,126,춤추다,to dance,,['춤추'],춤추 (Dancing)
127,127,출발하다,to depart,出發하다,"['출', '발']",출 (Exodus) + 발 (Feet)
127,127,출발하다,to depart,出發하다,['출발'],출발 (Departure.)
128,128,출발,departure,出發,"['출', '발']",출 (Exodus) + 발 (Feet)
128,128,출발,departure,出發,['출발'],출발 (Departure.)
129,129,출근하다,to go to work,,"['출', '근']",출 (Exodus) + 근 (Korean Unit of Weight)
129,129,출근하다,to go to work,,['출근'],출근 (attendance)
130,130,축구,soccer,蹴球,"['축', '구']",축 (axis) + 구 (District)
130,130,축구,soccer,蹴球,['축구'],축구 (Soccer)
131,131,추석,the Korean Thanksgiving,秋夕,"['추', '석']","추 (""Chu) + 석 (Three)"
131,131,추석,the Korean Thanksgiving,秋夕,['추석'],추석 (Chuseok)
132,132,초등학생,elementary school student,初等學生,"['초', '등', '학', '생']",초 (second) + 등 (back) + 학 (Crane) + 생 (Saint)
132,132,초등학생,elementary school student,初等學生,"['초', '등', '학생']",초 (second) + 등 (back) + 학생 (Student)
132,132,초등학생,elementary school student,初等學生,"['초', '등학', '생']",초 (second) + 등학 (going to school) + 생 (Saint)
132,132,초등학생,elementary school student,初等學生,"['초', '등학생']",초 (second) + 등학생 (a schoolboy)
132,132,초등학생,elementary school student,初等學生,"['초등', '학', '생']",초등 (Elementary) + 학 (Crane) + 생 (Saint)
132,132,초등학생,elementary school student,初等學生,"['초등', '학생']",초등 (Elementary) + 학생 (Student)
132,132,초등학생,elementary school student,初等學生,"['초등학', '생']",초등학 (elementary school) + 생 (Saint)
132,132,초등학생,elementary school student,初等學生,['초등학생'],초등학생 (elementary school student)
133,133,청소하다,to clean,淸掃하다,"['청', '소']",청 (request) + 소 (Cow.)
133,133,청소하다,to clean,淸掃하다,['청소'],청소 (Cleaning)
134,134,청소,cleaning,淸掃,"['청', '소']",청 (request) + 소 (Cow.)
134,134,청소,cleaning,淸掃,['청소'],청소 (Cleaning)
135,135,청바지,jeans,,"['청', '바', '지']",청 (request) + 바 (Bar) + 지 (Ji)
135,135,청바지,jeans,,"['청', '바지']",청 (request) + 바지 (Pants)
135,135,청바지,jeans,,"['청바', '지']",청바 (Blue jeans) + 지 (Ji)
135,135,청바지,jeans,,['청바지'],청바지 (Jeans)
136,136,천,thousand,,천,천 (thousand)
137,137,책상,desk,冊床,"['책', '상']",책 (Books) + 상 (Prize)
137,137,책상,desk,冊床,['책상'],책상 (Desk)
138,138,책방,bookstore,冊房,"['책', '방']",책 (Books) + 방 (Room)
138,138,책방,bookstore,冊房,['책방'],책방 (Bookstore)
139,139,책,book,,책,책 (Books)
140,140,찾다,to look for,,찾,찾 (Find)
141,141,창문,window,窓門,"['창', '문']",창 (Window) + 문 (Door)
141,141,창문,window,窓門,['창문'],창문 (Window)
142,142,참,very / really,,참,참 (Oh)
143,143,찬물,cold water,,"['찬', '물']",찬 (Cold) + 물 (Water)
143,143,찬물,cold water,,['찬물'],찬물 (cold water)
144,144,찍다,to take (a picture),,찍,찍 (Dipping)
145,145,찌다,to gain (weight),,찌,찌 (Scissors)
146,146,쯤,about / around,,쯤,쯤 (around here)
147,147,짧다,short,,짧,짧 (Short)
148,148,집안일,chores,,"['집', '안', '일']",집 (Home) + 안 (inside) + 일 (Work)
148,148,집안일,chores,,"['집', '안일']",집 (Home) + 안일 (complacency)
148,148,집안일,chores,,"['집안', '일']",집안 (the family) + 일 (Work)
148,148,집안일,chores,,['집안일'],집안일 (household chores)
149,149,질문,question,質問,"['질', '문']",질 (Quality) + 문 (Door)
149,149,질문,question,質問,['질문'],질문 (Question)
150,150,직원,staff,職員,"['직', '원']",직 (a regular job) + 원 (Circle)
150,150,직원,staff,職員,['직원'],직원 (Staff)
151,151,직업,job/ occupation,職業,"['직', '업']",직 (a regular job) + 업 (Up.)
151,151,직업,job/ occupation,職業,['직업'],직업 (occupation)
152,152,지하철역,subway station,地下鐵驛,"['지', '하', '철', '역']",지 (Ji) + 하 (Ha) + 철 (Iron) + 역 (Station)
152,152,지하철역,subway station,地下鐵驛,"['지', '하', '철역']",지 (Ji) + 하 (Ha) + 철역 (a railway station)
152,152,지하철역,subway station,地下鐵驛,"['지', '하철', '역']",지 (Ji) + 하철 (a summer season) + 역 (Station)
152,152,지하철역,subway station,地下鐵驛,"['지', '하철역']",지 (Ji) + 하철역 (Hachol Station)
152,152,지하철역,subway station,地下鐵驛,"['지하', '철', '역']",지하 (Underground) + 철 (Iron) + 역 (Station)
152,152,지하철역,subway station,地下鐵驛,"['지하', '철역']",지하 (Underground) + 철역 (a railway station)
152,152,지하철역,subway station,地下鐵驛,"['지하철', '역']",지하철 (the subway) + 역 (Station)
152,152,지하철역,subway station,地下鐵驛,['지하철역'],지하철역 (a subway station)
153,153,지하철,subway,地下鐵,"['지', '하', '철']",지 (Ji) + 하 (Ha) + 철 (Iron)
153,153,지하철,subway,地下鐵,"['지', '하철']",지 (Ji) + 하철 (a summer season)
153,153,지하철,subway,地下鐵,"['지하', '철']",지하 (Underground) + 철 (Iron)
153,153,지하철,subway,地下鐵,['지하철'],지하철 (the subway)
154,154,지우개,eraser,,"['지', '우', '개']",지 (Ji) + 우 (Ooh) + 개 (Dog)
154,154,지우개,eraser,,"['지', '우개']",지 (Ji) + 우개 (a dog with a heavy rain)
154,154,지우개,eraser,,"['지우', '개']",지우 (Jiwoo) + 개 (Dog)
154,154,지우개,eraser,,['지우개'],지우개 (Eraser)
155,155,지난,last,至難,"['지', '난']",지 (Ji) + 난 (orchid)
155,155,지난,last,至難,['지난'],지난 (Last)
156,156,지금,now,只今,"['지', '금']",지 (Ji) + 금 (gold)
156,156,지금,now,只今,['지금'],지금 (Now)
157,157,지갑,wallet,紙匣,"['지', '갑']",지 (Ji) + 갑 (Promontory)
157,157,지갑,wallet,紙匣,['지갑'],지갑 (Wallet)
158,158,중학생,middle school student,中學生,"['중', '학', '생']",중 (Middle) + 학 (Crane) + 생 (Saint)
158,158,중학생,middle school student,中學生,"['중', '학생']",중 (Middle) + 학생 (Student)
158,158,중학생,middle school student,中學生,"['중학', '생']",중학 (middle school) + 생 (Saint)
158,158,중학생,middle school student,中學生,['중학생'],중학생 (Middle school student)
159,159,중국어,Chinese (language),中國語,"['중', '국', '어']",중 (Middle) + 국 (Soup) + 어 (Uh.)
159,159,중국어,Chinese (language),中國語,"['중', '국어']",중 (Middle) + 국어 (Korean language)
159,159,중국어,Chinese (language),中國語,"['중국', '어']",중국 (China) + 어 (Uh.)
159,159,중국어,Chinese (language),中國語,['중국어'],중국어 (Chinese)
160,160,중국,China,中國,"['중', '국']",중 (Middle) + 국 (Soup)
160,160,중국,China,中國,['중국'],중국 (China)
161,161,준비하다,to prepare,,"['준', '비']",준 (Jun) + 비 (Rain)
161,161,준비하다,to prepare,,['준비'],준비 (Ready)
162,162,주차장,parking lot,駐車場,"['주', '차', '장']",주 (Week) + 차 (Tea) + 장 (chapter)
162,162,주차장,parking lot,駐車場,"['주', '차장']",주 (Week) + 차장 (Deputy director)
162,162,주차장,parking lot,駐車場,"['주차', '장']",주차 (Parking) + 장 (chapter)
162,162,주차장,parking lot,駐車場,['주차장'],주차장 (parking lot)
163,163,주일,week,週日,"['주', '일']",주 (Week) + 일 (Work)
163,163,주일,week,週日,['주일'],주일 (week)
164,164,주스,juice,,"['주', '스']",주 (Week) + 스 (S)
164,164,주스,juice,,['주스'],주스 (Juice)
165,165,주소,address,住所,"['주', '소']",주 (Week) + 소 (Cow.)
165,165,주소,address,住所,['주소'],주소 (Address)
166,166,주말,weekend,週末,"['주', '말']",주 (Week) + 말 (Horse)
166,166,주말,weekend,週末,['주말'],주말 (Weekend)
167,167,주다,to give,,주,주 (Week)
168,168,좋아하다,to like,,"['좋', '아']",좋 (I like it's good) + 아 (Ah.)
168,168,좋아하다,to like,,['좋아'],좋아 (OK.)
169,169,좋다,good,,좋,좋 (I like it's good)
170,170,좀,please,,좀,좀 (Some)
171,171,조금,"a little, a bit, a little bit",,"['조', '금']",조 (trillion) + 금 (gold)
171,171,조금,"a little, a bit, a little bit",,['조금'],조금 (A little bit.)
172,172,제주도,Jeju Island,濟州島,"['제', '주', '도']",제 (My) + 주 (Week) + 도 (degree)
172,172,제주도,Jeju Island,濟州島,"['제', '주도']",제 (My) + 주도 (the capital city)
172,172,제주도,Jeju Island,濟州島,"['제주', '도']",제주 (Jeju) + 도 (degree)
172,172,제주도,Jeju Island,濟州島,['제주도'],제주도 (Jeju Island)
173,173,제,my,,제,제 (My)
174,174,젓가락,chopsticks,,"['젓', '가', '락']",젓 (salted seafood) + 가 (go) + 락 (Rock)
174,174,젓가락,chopsticks,,"['젓', '가락']",젓 (salted seafood) + 가락 (a musical instrument)
174,174,젓가락,chopsticks,,"['젓가', '락']",젓가 (Chopsticks) + 락 (Rock)
174,174,젓가락,chopsticks,,['젓가락'],젓가락 (Chopsticks)
175,175,점심,lunch,點心,"['점', '심']",점 (Point) + 심 (Lead)
175,175,점심,lunch,點心,['점심'],점심 (lunch)
176,176,전화하다,to call,電話하다,"['전', '화']",전 (Jeon) + 화 (anger)
176,176,전화하다,to call,電話하다,['전화'],전화 (Phone)
177,177,전화번호,telephone number,電話番號,"['전', '화', '번', '호']",전 (Jeon) + 화 (anger) + 번 (Earned) + 호 (issue)
177,177,전화번호,telephone number,電話番號,"['전', '화', '번호']",전 (Jeon) + 화 (anger) + 번호 (Number)
177,177,전화번호,telephone number,電話番號,"['전', '화번', '호']",전 (Jeon) + 화번 (Hwabun (Hwabun)) + 호 (issue)
177,177,전화번호,telephone number,電話番號,"['전', '화번호']",전 (Jeon) + 화번호 (Phone number)
177,177,전화번호,telephone number,電話番號,"['전화', '번', '호']",전화 (Phone) + 번 (Earned) + 호 (issue)
177,177,전화번호,telephone number,電話番號,"['전화', '번호']",전화 (Phone) + 번호 (Number)
177,177,전화번호,telephone number,電話番號,"['전화번', '호']",전화번 (Phone number) + 호 (issue)
177,177,전화번호,telephone number,電話番號,['전화번호'],전화번호 (Phone number)
178,178,전혀,not at all,,"['전', '혀']",전 (Jeon) + 혀 (Tongue.)
178,178,전혀,not at all,,['전혀'],전혀 (Never.)
179,179,저분,that person (honorific),,"['저', '분']",저 (That) + 분 (minute.)
179,179,저분,that person (honorific),,['저분'],저분 (That person)
180,180,저녁,evening,,"['저', '녁']",저 (That) + 녁 (evening)
180,180,저녁,evening,,['저녁'],저녁 (Dinner)
181,181,저거,that (one),,"['저', '거']",저 (That) + 거 (Yes)
181,181,저거,that (one),,['저거'],저거 (That)
182,182,재미없다,not interesting,,"['재', '미', '없']",재 (Ashes) + 미 (Beauty) + 없 (Nothing)
182,182,재미없다,not interesting,,"['재', '미없']",재 (Ashes) + 미없 (without meaning)
182,182,재미없다,not interesting,,"['재미', '없']",재미 (Fun) + 없 (Nothing)
182,182,재미없다,not interesting,,['재미없'],재미없 (It's not fun)
183,183,장미,rose,薔薇,"['장', '미']",장 (chapter) + 미 (Beauty)
183,183,장미,rose,薔薇,['장미'],장미 (rose)
184,184,잘하다,be good at,,잘,잘 (Well)
185,185,잔,counting unit for glasses or cups,,잔,잔 (Cup)
186,186,작년,last year,昨年,"['작', '년']",작 (work) + 년 (year)
186,186,작년,last year,昨年,['작년'],작년 (Last year)
187,187,자주,often,自主,"['자', '주']",자 (Let's.) + 주 (Week)
187,187,자주,often,自主,['자주'],자주 (often)
188,188,자전거,bicycle,自轉車,"['자', '전', '거']",자 (Let's.) + 전 (Jeon) + 거 (Yes)
188,188,자전거,bicycle,自轉車,"['자', '전거']",자 (Let's.) + 전거 (Previous)
188,188,자전거,bicycle,自轉車,"['자전', '거']",자전 (an autobiography) + 거 (Yes)
188,188,자전거,bicycle,自轉車,['자전거'],자전거 (Bicycle)
189,189,자리,seat place,,"['자', '리']",자 (Let's.) + 리 (Lee)
189,189,자리,seat place,,['자리'],자리 (Seat)
190,190,자다,to sleep,,자,자 (Let's.)
191,191,있다,to have,,있,있 (There is)
192,192,읽다,to read,,읽,읽 (Read it)
193,193,일하다,to work,,일,일 (Work)
194,194,일요일,Sunday,日曜日,"['일', '요', '일']",일 (Work) + 요 (yo) + 일 (Work)
194,194,일요일,Sunday,日曜日,"['일', '요일']",일 (Work) + 요일 (Day of the week)
194,194,일요일,Sunday,日曜日,"['일요', '일']",일요 (Sunday) + 일 (Work)
194,194,일요일,Sunday,日曜日,['일요일'],일요일 (Sunday)
195,195,일어나다,to get up,,"['일', '어', '나']",일 (Work) + 어 (Uh.) + 나 (I)
195,195,일어나다,to get up,,"['일', '어나']","일 (Work) + 어나 (Oh, my)"
195,195,일어나다,to get up,,"['일어', '나']",일어 (Japanese) + 나 (I)
195,195,일어나다,to get up,,['일어나'],일어나 (Wake up.)
196,196,일본어,Japanese (language),日本語,"['일', '본', '어']",일 (Work) + 본 (bone) + 어 (Uh.)
196,196,일본어,Japanese (language),日本語,"['일', '본어']",일 (Work) + 본어 (one's)
196,196,일본어,Japanese (language),日本語,"['일본', '어']",일본 (Japan) + 어 (Uh.)
196,196,일본어,Japanese (language),日本語,['일본어'],일본어 (Japanese)
197,197,일기,diary,日記,"['일', '기']",일 (Work) + 기 (Flag)
197,197,일기,diary,日記,['일기'],일기 (Diary)
198,198,일곱,seven,,"['일', '곱']",일 (Work) + 곱 (Multiply)
198,198,일곱,seven,,['일곱'],일곱 (Seven)
199,199,인천공항,Incheon Airport,仁川空港,"['인', '천', '공', '항']",인 (Person) + 천 (thousand) + 공 (Ball) + 항 (clause)
199,199,인천공항,Incheon Airport,仁川空港,"['인', '천', '공항']",인 (Person) + 천 (thousand) + 공항 (the airport)
199,199,인천공항,Incheon Airport,仁川空港,"['인', '천공', '항']",인 (Person) + 천공 (perforation) + 항 (clause)
199,199,인천공항,Incheon Airport,仁川空港,"['인', '천공항']",인 (Person) + 천공항 (Sky Airport)
199,199,인천공항,Incheon Airport,仁川空港,"['인천', '공', '항']",인천 (Incheon) + 공 (Ball) + 항 (clause)
199,199,인천공항,Incheon Airport,仁川空港,"['인천', '공항']",인천 (Incheon) + 공항 (the airport)
199,199,인천공항,Incheon Airport,仁川空港,"['인천공', '항']",인천공 (Incheon International Airport) + 항 (clause)
199,199,인천공항,Incheon Airport,仁川空港,['인천공항'],인천공항 (Incheon International Airport)
200,200,인사동,Insa-dong,,"['인', '사', '동']",인 (Person) + 사 (Buy) + 동 (East)
200,200,인사동,Insa-dong,,"['인', '사동']",인 (Person) + 사동 (Sa-dong. (Sa-dong))
200,200,인사동,Insa-dong,,"['인사', '동']",인사 (Greetings) + 동 (East)
200,200,인사동,Insa-dong,,['인사동'],인사동 (Insadong)
201,201,이용,use,利用,"['이', '용']",이 (Tooth) + 용 (Dragon)
201,201,이용,use,利用,['이용'],이용 (Utilization)
202,202,이야기하다,to talk,,"['이', '야', '기']",이 (Tooth) + 야 (Dude.) + 기 (Flag)
202,202,이야기하다,to talk,,"['이', '야기']",이 (Tooth) + 야기 (Yagi (meaning 'meaning 'meaning 'meaning')
202,202,이야기하다,to talk,,"['이야', '기']",이야 (Wow) + 기 (Flag)
202,202,이야기하다,to talk,,['이야기'],이야기 (Story)
203,203,이상하다,to be strange,,"['이', '상']",이 (Tooth) + 상 (Prize)
203,203,이상하다,to be strange,,['이상'],이상 (More than)
204,204,이분,this person (honorific),,"['이', '분']",이 (Tooth) + 분 (minute.)
204,204,이분,this person (honorific),,['이분'],이분 (This person)
205,205,이번,this time,,"['이', '번']",이 (Tooth) + 번 (Earned)
205,205,이번,this time,,['이번'],이번 (This)
206,206,이메일,e-mail,,"['이', '메', '일']",이 (Tooth) + 메 (Me) + 일 (Work)
206,206,이메일,e-mail,,"['이', '메일']",이 (Tooth) + 메일 (Mail)
206,206,이메일,e-mail,,"['이메', '일']",이메 (E-mail) + 일 (Work)
206,206,이메일,e-mail,,['이메일'],이메일 (E-mail)
207,207,이름,name,,"['이', '름']",이 (Tooth) + 름 (Rm)
207,207,이름,name,,['이름'],이름 (Name)
208,208,이렇게,like this /in this way,,"['이', '렇', '게']",이 (Tooth) + 렇 (Well) + 게 (Crab)
208,208,이렇게,like this /in this way,,"['이', '렇게']",이 (Tooth) + 렇게 (Like this)
208,208,이렇게,like this /in this way,,"['이렇', '게']",이렇 (Like this) + 게 (Crab)
208,208,이렇게,like this /in this way,,['이렇게'],이렇게 (So)
209,209,이거,this (one),,"['이', '거']",이 (Tooth) + 거 (Yes)
209,209,이거,this (one),,['이거'],이거 (This)
210,210,의자,chair,椅子,"['의', '자']",의 (of) + 자 (Let's.)
210,210,의자,chair,椅子,['의자'],의자 (chair)
211,211,의사,doctor,醫師,"['의', '사']",의 (of) + 사 (Buy)
211,211,의사,doctor,醫師,['의사'],의사 (a doctor)
212,212,음악,music,音樂,"['음', '악']",음 (Well.) + 악 (Yikes)
212,212,음악,music,音樂,['음악'],음악 (Music)
213,213,음식,food,飮食,"['음', '식']",음 (Well.) + 식 (Ceremony)
213,213,음식,food,飮食,['음식'],음식 (Food)
214,214,은행원,bank clerk,銀行員,"['은', '행', '원']",은 (Silver) + 행 (Row) + 원 (Circle)
214,214,은행원,bank clerk,銀行員,"['은', '행원']",은 (Silver) + 행원 (an entrepreneur)
214,214,은행원,bank clerk,銀行員,"['은행', '원']",은행 (Bank) + 원 (Circle)
214,214,은행원,bank clerk,銀行員,['은행원'],은행원 (a bank clerk)
215,215,은행,bank,銀行,"['은', '행']",은 (Silver) + 행 (Row)
215,215,은행,bank,銀行,['은행'],은행 (Bank)
216,216,육,six,,육,육 (six)
217,217,유럽,Europe,,"['유', '럽']",유 (you) + 럽 (Luv)
217,217,유럽,Europe,,['유럽'],유럽 (Europe)
218,218,위,above / on,,위,위 (Above)
219,219,월요일,Monday,月曜日,"['월', '요', '일']",월 (month) + 요 (yo) + 일 (Work)
219,219,월요일,Monday,月曜日,"['월', '요일']",월 (month) + 요일 (Day of the week)
219,219,월요일,Monday,月曜日,"['월요', '일']",월요 (Monday) + 일 (Work)
219,219,월요일,Monday,月曜日,['월요일'],월요일 (Monday)
220,220,월,month,,월,월 (month)
221,221,원,KRW / won (Korean money),,원,원 (Circle)
222,222,운전하다,to drive,運轉하다,"['운', '전']",운 (luck) + 전 (Jeon)
222,222,운전하다,to drive,運轉하다,['운전'],운전 (Driving)
223,223,운전,driving,運轉,"['운', '전']",운 (luck) + 전 (Jeon)
223,223,운전,driving,運轉,['운전'],운전 (Driving)
224,224,운동,exercise / workout,運動,"['운', '동']",운 (luck) + 동 (East)
224,224,운동,exercise / workout,運動,['운동'],운동 (Exercise)
225,225,우체국,post office,郵遞局,"['우', '체', '국']",우 (Ooh) + 체 (Sieve) + 국 (Soup)
225,225,우체국,post office,郵遞局,"['우', '체국']",우 (Ooh) + 체국 (a state of affairs)
225,225,우체국,post office,郵遞局,"['우체', '국']",우체 (the post office) + 국 (Soup)
225,225,우체국,post office,郵遞局,['우체국'],우체국 (the post office)
226,226,우유,milk,牛乳,"['우', '유']",우 (Ooh) + 유 (you)
226,226,우유,milk,牛乳,['우유'],우유 (Milk)
227,227,우산,umbrella,雨傘,"['우', '산']",우 (Ooh) + 산 (Mountain)
227,227,우산,umbrella,雨傘,['우산'],우산 (Umbrella)
228,228,요즘,these days nowadays,,"['요', '즘']",요 (yo) + 즘 (these days)
228,228,요즘,these days nowadays,,['요즘'],요즘 (these days)
229,229,요일,a day of the week,曜日,"['요', '일']",요 (yo) + 일 (Work)
229,229,요일,a day of the week,曜日,['요일'],요일 (Day of the week)
230,230,요리하다,to cook,料理하다,"['요', '리']",요 (yo) + 리 (Lee)
230,230,요리하다,to cook,料理하다,['요리'],요리 (Cooking)
231,231,요리사,chef,料理師,"['요', '리', '사']",요 (yo) + 리 (Lee) + 사 (Buy)
231,231,요리사,chef,料理師,"['요', '리사']",요 (yo) + 리사 (Lisa)
231,231,요리사,chef,料理師,"['요리', '사']",요리 (Cooking) + 사 (Buy)
231,231,요리사,chef,料理師,['요리사'],요리사 (a cook)
232,232,요리,cooking,料理,"['요', '리']",요 (yo) + 리 (Lee)
232,232,요리,cooking,料理,['요리'],요리 (Cooking)
233,233,요금,fare charge,料金,"['요', '금']",요 (yo) + 금 (gold)
233,233,요금,fare charge,料金,['요금'],요금 (Fare)
234,234,왼쪽,left side,,"['왼', '쪽']",왼 (Left) + 쪽 (Side)
234,234,왼쪽,left side,,['왼쪽'],왼쪽 (the left)
235,235,외국,foreign country,外國,"['외', '국']",외 (Addition) + 국 (Soup)
235,235,외국,foreign country,外國,['외국'],외국 (foreign country)
236,236,왜,why,,왜,왜 (Why)
237,237,옷장,wardrobe / closet,,"['옷', '장']",옷 (Clothes) + 장 (chapter)
237,237,옷장,wardrobe / closet,,['옷장'],옷장 (Closet)
238,238,옷,clothes,,옷,옷 (Clothes)
239,239,온돌방,traditional Korean room / hot-floored room,溫突房,"['온', '돌', '방']",온 (On) + 돌 (Stone) + 방 (Room)
239,239,온돌방,traditional Korean room / hot-floored room,溫突房,"['온', '돌방']",온 (On) + 돌방 (a stone room)
239,239,온돌방,traditional Korean room / hot-floored room,溫突房,"['온돌', '방']",온돌 (Ondol (Ondol)) + 방 (Room)
239,239,온돌방,traditional Korean room / hot-floored room,溫突房,['온돌방'],온돌방 (Ondol Room)
240,240,오후,afternoon / p.m.,午後,"['오', '후']",오 (Ooh.) + 후 (After)
240,240,오후,afternoon / p.m.,午後,['오후'],오후 (Afternoon)
241,241,오전,morning / a.m.,午前,"['오', '전']",오 (Ooh.) + 전 (Jeon)
241,241,오전,morning / a.m.,午前,['오전'],오전 (A.M.)
242,242,오월,May,五月,"['오', '월']",오 (Ooh.) + 월 (month)
242,242,오월,May,五月,['오월'],오월 (May)
243,243,오빠,elder brother from a female perspective,,"['오', '빠']",오 (Ooh.) + 빠 (Paper)
243,243,오빠,elder brother from a female perspective,,['오빠'],오빠 (Older brother)
244,244,오른쪽,right side,,"['오', '른', '쪽']",오 (Ooh.) + 른 (R) + 쪽 (Side)
244,244,오른쪽,right side,,"['오', '른쪽']",오 (Ooh.) + 른쪽 (the other side)
244,244,오른쪽,right side,,"['오른', '쪽']",오른 (Right) + 쪽 (Side)
244,244,오른쪽,right side,,['오른쪽'],오른쪽 (right)
245,245,오렌지,orange,,"['오', '렌', '지']",오 (Ooh.) + 렌 (Len) + 지 (Ji)
245,245,오렌지,orange,,"['오', '렌지']",오 (Ooh.) + 렌지 (Microwave oven)
245,245,오렌지,orange,,"['오렌', '지']",오렌 (Oren) + 지 (Ji)
245,245,오렌지,orange,,['오렌지'],오렌지 (Orange)
246,246,오다,to come,,오,오 (Ooh.)
247,247,오늘,today,,"['오', '늘']",오 (Ooh.) + 늘 (Always)
247,247,오늘,today,,['오늘'],오늘 (today)
248,248,오,five,,오,오 (Ooh.)
249,249,예약하다,to reserve,,"['예', '약']",예 (Yes) + 약 (About)
249,249,예약하다,to reserve,,['예약'],예약 (Reservation)
250,250,옆,beside side,,옆,옆 (Next to)
251,251,영화,movie,映畵,"['영', '화']",영 (zero) + 화 (anger)
251,251,영화,movie,映畵,['영화'],영화 (Movies)
252,252,영어,English (language),英語,"['영', '어']",영 (zero) + 어 (Uh.)
252,252,영어,English (language),英語,['영어'],영어 (English)
253,253,영국,the United Kingdom,英國,"['영', '국']",영 (zero) + 국 (Soup)
253,253,영국,the United Kingdom,英國,['영국'],영국 (the United Kingdom)
254,254,엽서,postcard,葉書,"['엽', '서']",엽 (A lobe) + 서 (West)
254,254,엽서,postcard,葉書,['엽서'],엽서 (Postcard)
255,255,열다,to open,,열,열 (Heat)
256,256,연필,pencil,鉛筆,"['연', '필']",연 (Kite) + 필 (Phil)
256,256,연필,pencil,鉛筆,['연필'],연필 (Pencil)
257,257,연구원,researcher,硏究員,"['연', '구', '원']",연 (Kite) + 구 (District) + 원 (Circle)
257,257,연구원,researcher,硏究員,"['연', '구원']",연 (Kite) + 구원 (Salvation)
257,257,연구원,researcher,硏究員,"['연구', '원']",연구 (Research) + 원 (Circle)
257,257,연구원,researcher,硏究員,['연구원'],연구원 (Researcher)
258,258,여행하다,to travel,旅行하다,"['여', '행']",여 (woman) + 행 (Row)
258,258,여행하다,to travel,旅行하다,['여행'],여행 (Traveling)
259,259,여행사,travel agency,旅行社,"['여', '행', '사']",여 (woman) + 행 (Row) + 사 (Buy)
259,259,여행사,travel agency,旅行社,"['여', '행사']",여 (woman) + 행사 (Event)
259,259,여행사,travel agency,旅行社,"['여행', '사']",여행 (Traveling) + 사 (Buy)
259,259,여행사,travel agency,旅行社,['여행사'],여행사 (a travel agency)
260,260,여행,trip travel,旅行,"['여', '행']",여 (woman) + 행 (Row)
260,260,여행,trip travel,旅行,['여행'],여행 (Traveling)
261,261,여자,woman female,女子,"['여', '자']",여 (woman) + 자 (Let's.)
261,261,여자,woman female,女子,['여자'],여자 (Woman)
262,262,여섯,six,,"['여', '섯']",여 (woman) + 섯 (Five)
262,262,여섯,six,,['여섯'],여섯 (Six)
263,263,여동생,younger sister,女同生,"['여', '동', '생']",여 (woman) + 동 (East) + 생 (Saint)
263,263,여동생,younger sister,女同生,"['여', '동생']",여 (woman) + 동생 (Younger brother)
263,263,여동생,younger sister,女同生,"['여동', '생']",여동 (a woman's child) + 생 (Saint)
263,263,여동생,younger sister,女同生,['여동생'],여동생 (Younger Sister)
264,264,여덟,eight,,"['여', '덟']",여 (woman) + 덟 (The sun is bigger)
264,264,여덟,eight,,['여덟'],여덟 (Eight)
265,265,여기,here,,"['여', '기']",여 (woman) + 기 (Flag)
265,265,여기,here,,['여기'],여기 (Here you go.)
266,266,없다,not to have,,없,없 (Nothing)
267,267,얼마나,how long,,"['얼', '마', '나']",얼 (Earl) + 마 (bad luck) + 나 (I)
267,267,얼마나,how long,,"['얼', '마나']",얼 (Earl) + 마나 (My goodness)
267,267,얼마나,how long,,"['얼마', '나']",얼마 (How much) + 나 (I)
267,267,얼마나,how long,,['얼마나'],얼마나 (How much)
268,268,얼마,how much,,"['얼', '마']",얼 (Earl) + 마 (bad luck)
268,268,얼마,how much,,['얼마'],얼마 (How much)
269,269,언제,when,,"['언', '제']",언 (Frozen) + 제 (My)
269,269,언제,when,,['언제'],언제 (When)
270,270,어제,yesterday,,"['어', '제']",어 (Uh.) + 제 (My)
270,270,어제,yesterday,,['어제'],어제 (Yesterday)
271,271,어머니,mother,,"['어', '머', '니']",어 (Uh.) + 머 (What?) + 니 (You)
271,271,어머니,mother,,"['어', '머니']",어 (Uh.) + 머니 (Money)
271,271,어머니,mother,,"['어머', '니']",어머 (gosh) + 니 (You)
271,271,어머니,mother,,['어머니'],어머니 (Mother.)
272,272,어렵다,difficult,,"['어', '렵']",어 (Uh.) + 렵 (rap.P)
272,272,어렵다,difficult,,['어렵'],어렵 (It's hard)
273,273,어떻게,how,,"['어', '떻', '게']",어 (Uh.) + 떻 (What?) + 게 (Crab)
273,273,어떻게,how,,"['어', '떻게']",어 (Uh.) + 떻게 (How do you)
273,273,어떻게,how,,"['어떻', '게']",어떻 (How) + 게 (Crab)
273,273,어떻게,how,,['어떻게'],어떻게 (How)
274,274,어떤,what kind of,,"['어', '떤']",어 (Uh.) + 떤 (a little bit)
274,274,어떤,what kind of,,['어떤'],어떤 (what)
275,275,어디,where,,"['어', '디']",어 (Uh.) + 디 (D)
275,275,어디,where,,['어디'],어디 (Where)
276,276,어깨,shoulder,,"['어', '깨']",어 (Uh.) + 깨 (Sesame)
276,276,어깨,shoulder,,['어깨'],어깨 (Shoulder)
277,277,약속,appointment,約束,"['약', '속']",약 (About) + 속 (Inside)
277,277,약속,appointment,約束,['약속'],약속 (Promise)
278,278,약국,pharmacy,藥局,"['약', '국']",약 (About) + 국 (Soup)
278,278,약국,pharmacy,藥局,['약국'],약국 (a pharmacy)
279,279,약,medicine,,약,약 (About)
280,280,야채,vegetable,野菜,"['야', '채']",야 (Dude.) + 채 (stick)
280,280,야채,vegetable,野菜,['야채'],야채 (vegetable)
281,281,야구,baseball,野球,"['야', '구']",야 (Dude.) + 구 (District)
281,281,야구,baseball,野球,['야구'],야구 (Baseball)
282,282,앞,front,,앞,앞 (front)
283,283,앉다,to sit down,,앉,앉 (Sit down)
284,284,안내,information guide,案內,"['안', '내']",안 (inside) + 내 (My)
284,284,안내,information guide,案內,['안내'],안내 (announcement)
285,285,악수하다,to shake hands,,"['악', '수']",악 (Yikes) + 수 (Number)
285,285,악수하다,to shake hands,,['악수'],악수 (Handshake)
286,286,아홉,nine,,"['아', '홉']",아 (Ah.) + 홉 (Hope)
286,286,아홉,nine,,['아홉'],아홉 (Nine)
287,287,아프리카,Africa,,"['아', '프', '리', '카']",아 (Ah.) + 프 (P) + 리 (Lee) + 카 (Car)
287,287,아프리카,Africa,,"['아', '프', '리카']",아 (Ah.) + 프 (P) + 리카 (Rika)
287,287,아프리카,Africa,,"['아', '프리', '카']",아 (Ah.) + 프리 (Free) + 카 (Car)
287,287,아프리카,Africa,,"['아', '프리카']",아 (Ah.) + 프리카 (Freeka)
287,287,아프리카,Africa,,"['아프', '리', '카']",아프 (hurt) + 리 (Lee) + 카 (Car)
287,287,아프리카,Africa,,"['아프', '리카']",아프 (hurt) + 리카 (Rika)
287,287,아프리카,Africa,,"['아프리', '카']",아프리 (Afri) + 카 (Car)
287,287,아프리카,Africa,,['아프리카'],아프리카 (Africa)
288,288,아침,morning,,"['아', '침']",아 (Ah.) + 침 (Saliva)
288,288,아침,morning,,['아침'],아침 (Morning)
289,289,아직,"(not) yet, still",,"['아', '직']",아 (Ah.) + 직 (a regular job)
289,289,아직,"(not) yet, still",,['아직'],아직 (Yet)
290,290,아이스크림,ice cream,,"['아', '이', '스', '크', '림']",아 (Ah.) + 이 (Tooth) + 스 (S) + 크 (big) + 림 (Rim)
290,290,아이스크림,ice cream,,"['아', '이', '스', '크림']",아 (Ah.) + 이 (Tooth) + 스 (S) + 크림 (Cream)
290,290,아이스크림,ice cream,,"['아', '이', '스크', '림']",아 (Ah.) + 이 (Tooth) + 스크 (Sc) + 림 (Rim)
290,290,아이스크림,ice cream,,"['아', '이', '스크림']",아 (Ah.) + 이 (Tooth) + 스크림 (Scream)
290,290,아이스크림,ice cream,,"['아', '이스', '크', '림']",아 (Ah.) + 이스 (Eis) + 크 (big) + 림 (Rim)
290,290,아이스크림,ice cream,,"['아', '이스', '크림']",아 (Ah.) + 이스 (Eis) + 크림 (Cream)
290,290,아이스크림,ice cream,,"['아', '이스크', '림']",아 (Ah.) + 이스크 (Isk) + 림 (Rim)
290,290,아이스크림,ice cream,,"['아', '이스크림']",아 (Ah.) + 이스크림 (This cream)
290,290,아이스크림,ice cream,,"['아이', '스', '크', '림']",아이 (Child) + 스 (S) + 크 (big) + 림 (Rim)
290,290,아이스크림,ice cream,,"['아이', '스', '크림']",아이 (Child) + 스 (S) + 크림 (Cream)
290,290,아이스크림,ice cream,,"['아이', '스크', '림']",아이 (Child) + 스크 (Sc) + 림 (Rim)
290,290,아이스크림,ice cream,,"['아이', '스크림']",아이 (Child) + 스크림 (Scream)
290,290,아이스크림,ice cream,,"['아이스', '크', '림']",아이스 (Ice) + 크 (big) + 림 (Rim)
290,290,아이스크림,ice cream,,"['아이스', '크림']",아이스 (Ice) + 크림 (Cream)
290,290,아이스크림,ice cream,,"['아이스크', '림']",아이스크 (Ice cubes) + 림 (Rim)
290,290,아이스크림,ice cream,,['아이스크림'],아이스크림 (Ice cream)
291,291,아이,child,,"['아', '이']",아 (Ah.) + 이 (Tooth)
291,291,아이,child,,['아이'],아이 (Child)
292,292,아버지,father,,"['아', '버', '지']",아 (Ah.) + 버 (Bur) + 지 (Ji)
292,292,아버지,father,,"['아', '버지']",아 (Ah.) + 버지 (Father)
292,292,아버지,father,,"['아버', '지']",아버 (Father) + 지 (Ji)
292,292,아버지,father,,['아버지'],아버지 (father)
293,293,아래,under / below,,"['아', '래']",아 (Ah.) + 래 (Here)
293,293,아래,under / below,,['아래'],아래 (Below.)
294,294,아들,son,,"['아', '들']",아 (Ah.) + 들 (Field)
294,294,아들,son,,['아들'],아들 (Son.)
295,295,아내,wife,,"['아', '내']",아 (Ah.) + 내 (My)
295,295,아내,wife,,['아내'],아내 (Wife)
296,296,아까,"earlier (today), a while ago (today)",,"['아', '까']",아 (Ah.) + 까 (Take it off)
296,296,아까,"earlier (today), a while ago (today)",,['아까'],아까 (right before)
297,297,아기,baby,,"['아', '기']",아 (Ah.) + 기 (Flag)
297,297,아기,baby,,['아기'],아기 (a baby)
298,298,씨,"Mr., Miss, Mrs., Ms.",,씨,씨 (seed)
299,299,싸다,cheap,,싸,싸 (It's cheap)
300,300,십일월,November,十一月,"['십', '일', '월']",십 (Ten) + 일 (Work) + 월 (month)
300,300,십일월,November,十一月,"['십', '일월']",십 (Ten) + 일월 (January)
300,300,십일월,November,十一月,"['십일', '월']",십일 (Ten days) + 월 (month)
300,300,십일월,November,十一月,['십일월'],십일월 (November)
301,301,십이월,December,十二月,"['십', '이', '월']",십 (Ten) + 이 (Tooth) + 월 (month)
301,301,십이월,December,十二月,"['십', '이월']",십 (Ten) + 이월 (February)
301,301,십이월,December,十二月,"['십이', '월']",십이 (twelve) + 월 (month)
301,301,십이월,December,十二月,['십이월'],십이월 (December)
302,302,십만,hundred thousand,十萬,"['십', '만']",십 (Ten) + 만 (ten thousand)
302,302,십만,hundred thousand,十萬,['십만'],"십만 (100,000)"
303,303,십,ten,,십,십 (Ten)
304,304,심심하다,bored,,"['심', '심']",심 (Lead) + 심 (Lead)
304,304,심심하다,bored,,['심심'],심심 (bored)
305,305,신발,shoes,,"['신', '발']",신 (god) + 발 (Feet)
305,305,신발,shoes,,['신발'],신발 (Shoes)
306,306,신문,newspaper,新聞,"['신', '문']",신 (god) + 문 (Door)
306,306,신문,newspaper,新聞,['신문'],신문 (Newspaper)
307,307,신다,to put on (shoes),,신,신 (god)
308,308,식당,restaurant,食堂,"['식', '당']",식 (Ceremony) + 당 (sugar)
308,308,식당,restaurant,食堂,['식당'],식당 (a restaurant)
309,309,시험,test,試驗,"['시', '험']",시 (Poetry) + 험 (rough)
309,309,시험,test,試驗,['시험'],시험 (an examination)
310,310,시청역,City Hall Station,,"['시', '청', '역']",시 (Poetry) + 청 (request) + 역 (Station)
310,310,시청역,City Hall Station,,"['시', '청역']",시 (Poetry) + 청역 (Cheong Station)
310,310,시청역,City Hall Station,,"['시청', '역']",시청 (City Hall) + 역 (Station)
310,310,시청역,City Hall Station,,['시청역'],시청역 (City Hall Station)
311,311,시청,city hall,市廳,"['시', '청']",시 (Poetry) + 청 (request)
311,311,시청,city hall,市廳,['시청'],시청 (City Hall)
312,312,시장,market,市場,"['시', '장']",시 (Poetry) + 장 (chapter)
312,312,시장,market,市場,['시장'],시장 (market)
313,313,시월,October,十月,"['시', '월']",시 (Poetry) + 월 (month)
313,313,시월,October,十月,['시월'],시월 (October)
314,314,시내,downtown,市內,"['시', '내']",시 (Poetry) + 내 (My)
314,314,시내,downtown,市內,['시내'],시내 (Downtown)
315,315,시끄럽다,noisy,,"['시', '끄', '럽']",시 (Poetry) + 끄 (Turn it off) + 럽 (Luv)
315,315,시끄럽다,noisy,,"['시', '끄럽']",시 (Poetry) + 끄럽 (I'm so embarrassed)
315,315,시끄럽다,noisy,,"['시끄', '럽']",시끄 (Quietly) + 럽 (Luv)
315,315,시끄럽다,noisy,,['시끄럽'],시끄럽 (It's loud)
316,316,시계,watch / clock,時計,"['시', '계']",시 (Poetry) + 계 (Korean traditional private funding)
316,316,시계,watch / clock,時計,['시계'],시계 (Clock)
317,317,시간표,time table,時間表,"['시', '간', '표']",시 (Poetry) + 간 (Liver.) + 표 (a ticket)
317,317,시간표,time table,時間表,"['시', '간표']",시 (Poetry) + 간표 (a token ticket)
317,317,시간표,time table,時間表,"['시간', '표']",시간 (Time) + 표 (a ticket)
317,317,시간표,time table,時間表,['시간표'],시간표 (Timetable)
318,318,시간,hour,時間,"['시', '간']",시 (Poetry) + 간 (Liver.)
318,318,시간,hour,時間,['시간'],시간 (Time)
319,319,시,o'clock,,시,시 (Poetry)
320,320,슬프다,sad,,"['슬', '프']",슬 (Geniculum) + 프 (P)
320,320,슬프다,sad,,['슬프'],슬프 (Sadness)
321,321,스파게티,spaghetti,,"['스', '파', '게', '티']",스 (S) + 파 (Welsh onion) + 게 (Crab) + 티 (Tea)
321,321,스파게티,spaghetti,,"['스', '파', '게티']",스 (S) + 파 (Welsh onion) + 게티 (Getty)
321,321,스파게티,spaghetti,,"['스', '파게', '티']",스 (S) + 파게 (green onion crab) + 티 (Tea)
321,321,스파게티,spaghetti,,"['스', '파게티']",스 (S) + 파게티 (Fagetti)
321,321,스파게티,spaghetti,,"['스파', '게', '티']",스파 (The spa) + 게 (Crab) + 티 (Tea)
321,321,스파게티,spaghetti,,"['스파', '게티']",스파 (The spa) + 게티 (Getty)
321,321,스파게티,spaghetti,,"['스파게', '티']",스파게 (Spaghetti) + 티 (Tea)
321,321,스파게티,spaghetti,,['스파게티'],스파게티 (Spaghetti)
322,322,스키장,ski resort,,"['스', '키', '장']",스 (S) + 키 (Height) + 장 (chapter)
322,322,스키장,ski resort,,"['스', '키장']",스 (S) + 키장 (the height)
322,322,스키장,ski resort,,"['스키', '장']",스키 (Ski) + 장 (chapter)
322,322,스키장,ski resort,,['스키장'],스키장 (a ski resort)
323,323,스키,skiing,,"['스', '키']",스 (S) + 키 (Height)
323,323,스키,skiing,,['스키'],스키 (Ski)
324,324,쉽다,easy,,쉽,쉽 (Easy)
325,325,쉬다,to rest,,쉬,쉬 (Shh)
326,326,술,liquor,,술,술 (Alcohol)
327,327,숟가락,spoon,,"['숟', '가', '락']",숟 (Spoon) + 가 (go) + 락 (Rock)
327,327,숟가락,spoon,,"['숟', '가락']",숟 (Spoon) + 가락 (a musical instrument)
327,327,숟가락,spoon,,"['숟가', '락']",숟가 (A spoon) + 락 (Rock)
327,327,숟가락,spoon,,['숟가락'],숟가락 (Spoon)
328,328,숙제하다,to do homework,宿題하다,"['숙', '제']",숙 (Deep down) + 제 (My)
328,328,숙제하다,to do homework,宿題하다,['숙제'],숙제 (Homework)
329,329,숙제,homework,宿題,"['숙', '제']",숙 (Deep down) + 제 (My)
329,329,숙제,homework,宿題,['숙제'],숙제 (Homework)
330,330,수요일,Wednesday,水曜日,"['수', '요', '일']",수 (Number) + 요 (yo) + 일 (Work)
330,330,수요일,Wednesday,水曜日,"['수', '요일']",수 (Number) + 요일 (Day of the week)
330,330,수요일,Wednesday,水曜日,"['수요', '일']",수요 (Demand) + 일 (Work)
330,330,수요일,Wednesday,水曜日,['수요일'],수요일 (Wednesday)
331,331,수영하다,to swim,水泳하다,"['수', '영']",수 (Number) + 영 (zero)
331,331,수영하다,to swim,水泳하다,['수영'],수영 (Swimming)
332,332,수영장,swimming pool,水泳場,"['수', '영', '장']",수 (Number) + 영 (zero) + 장 (chapter)
332,332,수영장,swimming pool,水泳場,"['수', '영장']",수 (Number) + 영장 (a warrant)
332,332,수영장,swimming pool,水泳場,"['수영', '장']",수영 (Swimming) + 장 (chapter)
332,332,수영장,swimming pool,水泳場,['수영장'],수영장 (a swimming pool)
333,333,수영,swimming,水泳,"['수', '영']",수 (Number) + 영 (zero)
333,333,수영,swimming,水泳,['수영'],수영 (Swimming)
334,334,손님,customer / guest,,"['손', '님']",손 (Hands) + 님 (sir)
334,334,손님,customer / guest,,['손님'],손님 (Customer)
335,335,손,hand,,손,손 (Hands)
336,336,소포,parcel,小包,"['소', '포']",소 (Cow.) + 포 (cannon)
336,336,소포,parcel,小包,['소포'],소포 (Parcel)
337,337,소파,sofa,,"['소', '파']",소 (Cow.) + 파 (Welsh onion)
337,337,소파,sofa,,['소파'],소파 (Sofa)
338,338,셋,three,,셋,셋 (Three)
339,339,세탁소,dry cleaner's,洗濯所,"['세', '탁', '소']",세 (rent) + 탁 (with a thud) + 소 (Cow.)
339,339,세탁소,dry cleaner's,洗濯所,"['세', '탁소']",세 (rent) + 탁소 (clean and dry)
339,339,세탁소,dry cleaner's,洗濯所,"['세탁', '소']",세탁 (Washing) + 소 (Cow.)
339,339,세탁소,dry cleaner's,洗濯所,['세탁소'],세탁소 (Laundry)
340,340,세일,sale,,"['세', '일']",세 (rent) + 일 (Work)
340,340,세일,sale,,['세일'],세일 (Discount)
341,341,세우다,to stop,,"['세', '우']",세 (rent) + 우 (Ooh)
341,341,세우다,to stop,,['세우'],세우 (Put it up)
342,342,세,three (when modifying a counting unit that follows),,세,세 (rent)
343,343,성함,name (honorific),姓銜,"['성', '함']",성 (Last Name) + 함 (ship)
343,343,성함,name (honorific),姓銜,['성함'],성함 (Your name)
344,344,선생님,teacher,,"['선', '생', '님']",선 (Line) + 생 (Saint) + 님 (sir)
344,344,선생님,teacher,,"['선', '생님']",선 (Line) + 생님 (Sir)
344,344,선생님,teacher,,"['선생', '님']",선생 (Teacher) + 님 (sir)
344,344,선생님,teacher,,['선생님'],선생님 (Teacher)
345,345,서울,Seoul,,"['서', '울']",서 (West) + 울 (Wool)
345,345,서울,Seoul,,['서울'],서울 (Seoul)
346,346,샤워하다,to take a shower,,"['샤', '워']",샤 (Yes) + 워 (War)
346,346,샤워하다,to take a shower,,['샤워'],샤워 (Shower)
347,347,생일,birthday,生日,"['생', '일']",생 (Saint) + 일 (Work)
347,347,생일,birthday,生日,['생일'],생일 (Birthday)
348,348,생선회,sliced raw fish,生鮮膾,"['생', '선', '회']",생 (Saint) + 선 (Line) + 회 (Raw fish)
348,348,생선회,sliced raw fish,生鮮膾,"['생', '선회']",생 (Saint) + 선회 (Swivel)
348,348,생선회,sliced raw fish,生鮮膾,"['생선', '회']",생선 (Fish) + 회 (Raw fish)
348,348,생선회,sliced raw fish,生鮮膾,['생선회'],생선회 (Raw fish)
349,349,생선,fish,生鮮,"['생', '선']",생 (Saint) + 선 (Line)
349,349,생선,fish,生鮮,['생선'],생선 (Fish)
350,350,생각,thinking / thought,,"['생', '각']",생 (Saint) + 각 (Each)
350,350,생각,thinking / thought,,['생각'],생각 (idea)
351,351,색,color,,색,색 (Colors)
352,352,삼월,March,三月,"['삼', '월']",삼 (Three) + 월 (month)
352,352,삼월,March,三月,['삼월'],삼월 (March)
353,353,삼성역,Samseong Station,,"['삼', '성', '역']",삼 (Three) + 성 (Last Name) + 역 (Station)
353,353,삼성역,Samseong Station,,"['삼', '성역']",삼 (Three) + 성역 (sanctuary)
353,353,삼성역,Samseong Station,,"['삼성', '역']",삼성 (Samsung) + 역 (Station)
353,353,삼성역,Samseong Station,,['삼성역'],삼성역 (Samseong Station)
354,354,삼,three,,삼,삼 (Three)
355,355,살다,to live,,살,살 (flesh)
356,356,산,mountain,,산,산 (Mountain)
357,357,사진,photograph,寫眞,"['사', '진']",사 (Buy) + 진 (jean)
357,357,사진,photograph,寫眞,['사진'],사진 (Pictures)
358,358,사전,dictionary,辭典,"['사', '전']",사 (Buy) + 전 (Jeon)
358,358,사전,dictionary,辭典,['사전'],사전 (Dictionary)
359,359,사월,April,四月,"['사', '월']",사 (Buy) + 월 (month)
359,359,사월,April,四月,['사월'],사월 (April)
360,360,사용하다,to use,,"['사', '용']",사 (Buy) + 용 (Dragon)
360,360,사용하다,to use,,['사용'],사용 (Use)
361,361,사무실,office,事務室,"['사', '무', '실']",사 (Buy) + 무 (Radish) + 실 (thread)
361,361,사무실,office,事務室,"['사', '무실']",사 (Buy) + 무실 (no room)
361,361,사무실,office,事務室,"['사무', '실']",사무 (clerical work) + 실 (thread)
361,361,사무실,office,事務室,['사무실'],사무실 (Office)
362,362,사랑하다,to love,,"['사', '랑']",사 (Buy) + 랑 (with)
362,362,사랑하다,to love,,['사랑'],사랑 (love)
363,363,사다,to buy,,사,사 (Buy)
364,364,사과,apple,沙果,"['사', '과']",사 (Buy) + 과 (Department)
364,364,사과,apple,沙果,['사과'],사과 (apple)
365,365,사,four,,사,사 (Buy)
366,366,빵,bread,,빵,빵 (Bread)
367,367,빨리,quickly,,"['빨', '리']",빨 (Red) + 리 (Lee)
367,367,빨리,quickly,,['빨리'],빨리 (Quick.)
368,368,빨래하다,to do laundry,,"['빨', '래']",빨 (Red) + 래 (Here)
368,368,빨래하다,to do laundry,,['빨래'],빨래 (Laundry)
369,369,빨간색,red,,"['빨', '간', '색']",빨 (Red) + 간 (Liver.) + 색 (Colors)
369,369,빨간색,red,,"['빨', '간색']",빨 (Red) + 간색 (a light color)
369,369,빨간색,red,,"['빨간', '색']",빨간 (Red.) + 색 (Colors)
369,369,빨간색,red,,['빨간색'],빨간색 (Red)
370,370,빠르다,to be fast,,"['빠', '르']","빠 (Paper) + 르 (""Re)"
370,370,빠르다,to be fast,,['빠르'],빠르 (Come on)
371,371,빌딩,building,,"['빌', '딩']",빌 (Bill) + 딩 (Ding)
371,371,빌딩,building,,['빌딩'],빌딩 (building)
372,372,비행기,airplane,飛行機,"['비', '행', '기']",비 (Rain) + 행 (Row) + 기 (Flag)
372,372,비행기,airplane,飛行機,"['비', '행기']",비 (Rain) + 행기 (hangings)
372,372,비행기,airplane,飛行機,"['비행', '기']",비행 (Flight) + 기 (Flag)
372,372,비행기,airplane,飛行機,['비행기'],비행기 (an airplane)
373,373,비빔밥,bibimbap,,"['비', '빔', '밥']",비 (Rain) + 빔 (beam) + 밥 (Rice)
373,373,비빔밥,bibimbap,,"['비', '빔밥']",비 (Rain) + 빔밥 (Bimbab)
373,373,비빔밥,bibimbap,,"['비빔', '밥']",비빔 (Bibim (spicy stir-fried noodles)) + 밥 (Rice)
373,373,비빔밥,bibimbap,,['비빔밥'],비빔밥 (Bibimbap)
374,374,비,rain,,비,비 (Rain)
375,375,브라질,Brasil,,"['브', '라', '질']",브 (V) + 라 (La) + 질 (Quality)
375,375,브라질,Brasil,,"['브', '라질']",브 (V) + 라질 (Lazil)
375,375,브라질,Brasil,,"['브라', '질']",브라 (Bra) + 질 (Quality)
375,375,브라질,Brasil,,['브라질'],브라질 (Brazil)
376,376,불고기,bulgogi,,"['불', '고', '기']",불 (Fire) + 고 (High) + 기 (Flag)
376,376,불고기,bulgogi,,"['불', '고기']",불 (Fire) + 고기 (Meat)
376,376,불고기,bulgogi,,"['불고', '기']",불고 (Blow it) + 기 (Flag)
376,376,불고기,bulgogi,,['불고기'],불고기 (Bulgogi)
377,377,부치다,to send / to mail,,"['부', '치']",부 (Wealth) + 치 (phooey)
377,377,부치다,to send / to mail,,['부치'],부치 (Butch)
378,378,부엌,kitchen,,"['부', '엌']",부 (Wealth) + 엌 (Ugh)
378,378,부엌,kitchen,,['부엌'],부엌 (kitchen)
379,379,부산,Busan,釜山,"['부', '산']",부 (Wealth) + 산 (Mountain)
379,379,부산,Busan,釜山,['부산'],부산 (Busan)
380,380,볼펜,ball-point pen,,"['볼', '펜']",볼 (Ball) + 펜 (The pen.)
380,380,볼펜,ball-point pen,,['볼펜'],볼펜 (a ballpoint pen)
381,381,복잡하다,crowded jammed,,"['복', '잡']",복 (luck) + 잡 (Job)
381,381,복잡하다,crowded jammed,,['복잡'],복잡 (Complexity)
382,382,병원,hospital,病院,"['병', '원']",병 (Disease) + 원 (Circle)
382,382,병원,hospital,病院,['병원'],병원 (a hospital)
383,383,병,counting unit for bottles,,병,병 (Disease)
384,384,별로,"not really, not particularly",,"['별', '로']",별 (Stars) + 로 (As)
384,384,별로,"not really, not particularly",,['별로'],별로 (not much)
385,385,베트남,Vietnam,,"['베', '트', '남']",베 (Be) + 트 (T) + 남 (others)
385,385,베트남,Vietnam,,"['베', '트남']",베 (Be) + 트남 (a double-crossed man)
385,385,베트남,Vietnam,,"['베트', '남']",베트 (Viet) + 남 (others)
385,385,베트남,Vietnam,,['베트남'],베트남 (Vietnam)
386,386,베이징,Beijing,,"['베', '이', '징']",베 (Be) + 이 (Tooth) + 징 (Ging)
386,386,베이징,Beijing,,"['베', '이징']",베 (Be) + 이징 (Ising)
386,386,베이징,Beijing,,"['베이', '징']",베이 (Bei) + 징 (Ging)
386,386,베이징,Beijing,,['베이징'],베이징 (Beijing)
387,387,벗다,to take off,,벗,벗 (Friend)
388,388,벌써,already,,"['벌', '써']",벌 (Punishment) + 써 (Wear it)
388,388,벌써,already,,['벌써'],벌써 (Already)
389,389,번,counting unit after number,,번,번 (Earned)
390,390,버스,bus,,"['버', '스']",버 (Bur) + 스 (S)
390,390,버스,bus,,['버스'],버스 (Bus)
391,391,백화점,department store,百貨店,"['백', '화', '점']",백 (Hundred) + 화 (anger) + 점 (Point)
391,391,백화점,department store,百貨店,"['백', '화점']",백 (Hundred) + 화점 (a flower shop)
391,391,백화점,department store,百貨店,"['백화', '점']",백화 (a white flower) + 점 (Point)
391,391,백화점,department store,百貨店,['백화점'],백화점 (Department Store)
392,392,백,hundred,,백,백 (Hundred)
393,393,배우다,to learn,,"['배', '우']",배 (ship) + 우 (Ooh)
393,393,배우다,to learn,,['배우'],배우 (Actor)
394,394,방학,school holidays,放學,"['방', '학']",방 (Room) + 학 (Crane)
394,394,방학,school holidays,放學,['방학'],방학 (Vacation)
395,395,방콕,Bangkok,,"['방', '콕']",방 (Room) + 콕 (Poke)
395,395,방콕,Bangkok,,['방콕'],방콕 (Bangkok)
396,396,발,foot,,발,발 (Feet)
397,397,받다,to receive /to take /to get,,받,받 (Here you go)
398,398,반,half,,반,반 (Half)
399,399,밖,outside,,밖,밖 (Outside)
400,400,바지,trousers pants,,"['바', '지']",바 (Bar) + 지 (Ji)
400,400,바지,trousers pants,,['바지'],바지 (Pants)
401,401,바다,sea ocean,,바,바 (Bar)
402,402,바나나,banana,,"['바', '나', '나']",바 (Bar) + 나 (I) + 나 (I)
402,402,바나나,banana,,"['바', '나나']",바 (Bar) + 나나 (Nana)
402,402,바나나,banana,,"['바나', '나']",바나 (BANA) + 나 (I)
402,402,바나나,banana,,['바나나'],바나나 (Banana)
403,403,미안하다,sorry,,"['미', '안']",미 (Beauty) + 안 (inside)
403,403,미안하다,sorry,,['미안'],미안 (Sorry)
404,404,미국,the United States of America,美國,"['미', '국']",미 (Beauty) + 국 (Soup)
404,404,미국,the United States of America,美國,['미국'],미국 (the United States)
405,405,뭐,what,,뭐,뭐 (what)
406,406,물,water,,물,물 (Water)
407,407,문,door,,문,문 (Door)
408,408,목요일,Thursday,木曜日,"['목', '요', '일']",목 (Neck) + 요 (yo) + 일 (Work)
408,408,목요일,Thursday,木曜日,"['목', '요일']",목 (Neck) + 요일 (Day of the week)
408,408,목요일,Thursday,木曜日,"['목요', '일']",목요 (Thursday) + 일 (Work)
408,408,목요일,Thursday,木曜日,['목요일'],목요일 (Thursday)
409,409,모자,hat / cap,帽子,"['모', '자']",모 (Moe.) + 자 (Let's.)
409,409,모자,hat / cap,帽子,['모자'],모자 (Hat)
410,410,몇,how many,,몇,몇 (Few)
411,411,명동역,Myeongdong Station,,"['명', '동', '역']",명 (order) + 동 (East) + 역 (Station)
411,411,명동역,Myeongdong Station,,"['명', '동역']",명 (order) + 동역 (East Station)
411,411,명동역,Myeongdong Station,,"['명동', '역']",명동 (Myeongdong) + 역 (Station)
411,411,명동역,Myeongdong Station,,['명동역'],명동역 (Myeong-dong Station)
412,412,명동,Myeong-dong,鳴動,"['명', '동']",명 (order) + 동 (East)
412,412,명동,Myeong-dong,鳴動,['명동'],명동 (Myeongdong)
413,413,명,counting unit for people,,명,명 (order)
414,414,며칠,what date,,"['며', '칠']",며 (Yes) + 칠 (painting)
414,414,며칠,what date,,['며칠'],며칠 (A few days.)
415,415,메뉴,menu,,"['메', '뉴']",메 (Me) + 뉴 (New)
415,415,메뉴,menu,,['메뉴'],메뉴 (Menu)
416,416,멋있다,"to be nice, to be stylish",,"['멋', '있']",멋 (fashionable) + 있 (There is)
416,416,멋있다,"to be nice, to be stylish",,['멋있'],멋있 (So cool)
417,417,먹다,to eat,,먹,먹 (Muk (meok)
418,418,머리,head,,"['머', '리']",머 (What?) + 리 (Lee)
418,418,머리,head,,['머리'],머리 (Head)
419,419,맥주,beer,麥酒,"['맥', '주']",맥 (Mac) + 주 (Week)
419,419,맥주,beer,麥酒,['맥주'],맥주 (Beer)
420,420,맞다,right,,맞,맞 (Right)
421,421,맛있다,tasty / delicious,,"['맛', '있']",맛 (Taste) + 있 (There is)
421,421,맛있다,tasty / delicious,,['맛있'],맛있 (Delicious)
422,422,맛없다,untasty,,"['맛', '없']",맛 (Taste) + 없 (Nothing)
422,422,맛없다,untasty,,['맛없'],맛없 (It's not good)
423,423,말하기,speaking,,"['말', '하', '기']",말 (Horse) + 하 (Ha) + 기 (Flag)
423,423,말하기,speaking,,"['말', '하기']",말 (Horse) + 하기 (summer)
423,423,말하기,speaking,,"['말하', '기']",말하 (Say it) + 기 (Flag)
423,423,말하기,speaking,,['말하기'],말하기 (speaking)
424,424,말레이시아,Malaysia,,"['말', '레', '이', '시', '아']","말 (Horse) + 레 (""Re"") + 이 (Tooth) + 시 (Poetry) + 아 (Ah.)"
424,424,말레이시아,Malaysia,,"['말', '레', '이', '시아']","말 (Horse) + 레 (""Re"") + 이 (Tooth) + 시아 (siah)"
424,424,말레이시아,Malaysia,,"['말', '레', '이시', '아']","말 (Horse) + 레 (""Re"") + 이시 (this time of year) + 아 (Ah.)"
424,424,말레이시아,Malaysia,,"['말', '레', '이시아']","말 (Horse) + 레 (""Re"") + 이시아 (Isia)"
424,424,말레이시아,Malaysia,,"['말', '레이', '시', '아']",말 (Horse) + 레이 (Ray) + 시 (Poetry) + 아 (Ah.)
424,424,말레이시아,Malaysia,,"['말', '레이', '시아']",말 (Horse) + 레이 (Ray) + 시아 (siah)
424,424,말레이시아,Malaysia,,"['말', '레이시', '아']",말 (Horse) + 레이시 (Lacey) + 아 (Ah.)
424,424,말레이시아,Malaysia,,"['말', '레이시아']",말 (Horse) + 레이시아 (Lacy's)
424,424,말레이시아,Malaysia,,"['말레', '이', '시', '아']",말레 (Mallet) + 이 (Tooth) + 시 (Poetry) + 아 (Ah.)
424,424,말레이시아,Malaysia,,"['말레', '이', '시아']",말레 (Mallet) + 이 (Tooth) + 시아 (siah)
424,424,말레이시아,Malaysia,,"['말레', '이시', '아']",말레 (Mallet) + 이시 (this time of year) + 아 (Ah.)
424,424,말레이시아,Malaysia,,"['말레', '이시아']",말레 (Mallet) + 이시아 (Isia)
424,424,말레이시아,Malaysia,,"['말레이', '시', '아']",말레이 (Malay) + 시 (Poetry) + 아 (Ah.)
424,424,말레이시아,Malaysia,,"['말레이', '시아']",말레이 (Malay) + 시아 (siah)
424,424,말레이시아,Malaysia,,"['말레이시', '아']",말레이시 (Malay City of Malaysia) + 아 (Ah.)
424,424,말레이시아,Malaysia,,['말레이시아'],말레이시아 (Malaysia)
425,425,많다,many / much,,많,많 (A lot)
426,426,만지다,to touch,,"['만', '지']",만 (ten thousand) + 지 (Ji)
426,426,만지다,to touch,,['만지'],만지 (a touch of the earth)
427,427,만들다,to make,,"['만', '들']",만 (ten thousand) + 들 (Field)
427,427,만들다,to make,,['만들'],만들 (I'll make)
428,428,만나다,to meet,,"['만', '나']",만 (ten thousand) + 나 (I)
428,428,만나다,to meet,,['만나'],만나 (Let's meet)
429,429,마드리드,Madrid,,"['마', '드', '리', '드']",마 (bad luck) + 드 (De) + 리 (Lee) + 드 (De)
429,429,마드리드,Madrid,,"['마', '드', '리드']",마 (bad luck) + 드 (De) + 리드 (Reed)
429,429,마드리드,Madrid,,"['마', '드리', '드']",마 (bad luck) + 드리 (DRY) + 드 (De)
429,429,마드리드,Madrid,,"['마', '드리드']",마 (bad luck) + 드리드 (Dried)
429,429,마드리드,Madrid,,"['마드', '리', '드']",마드 (Mad) + 리 (Lee) + 드 (De)
429,429,마드리드,Madrid,,"['마드', '리드']",마드 (Mad) + 리드 (Reed)
429,429,마드리드,Madrid,,"['마드리', '드']",마드리 (Madrid) + 드 (De)
429,429,마드리드,Madrid,,['마드리드'],마드리드 (Madrid)
430,430,로마,Rome,,"['로', '마']",로 (As) + 마 (bad luck)
430,430,로마,Rome,,['로마'],로마 (the Roman Empire)
431,431,런던,London,,"['런', '던']",런 (Run) + 던 (Dunn)
431,431,런던,London,,['런던'],런던 (London)
432,432,똑똑하다,smart,,"['똑', '똑']","똑 (Knock, knock) + 똑 (Knock, knock)"
432,432,똑똑하다,smart,,['똑똑'],"똑똑 (knock, knock)"
433,433,또,again / once more,,또,또 (also)
434,434,땀,sweat,,땀,땀 (Sweat)
435,435,딸,daughter,,딸,딸 (daughter)
436,436,따뜻하다,warm,,"['따', '뜻']",따 (Open it) + 뜻 (Meaning)
436,436,따뜻하다,warm,,['따뜻'],따뜻 (Warm)
437,437,등산,mountain climbing / hiking,登山,"['등', '산']",등 (back) + 산 (Mountain)
437,437,등산,mountain climbing / hiking,登山,['등산'],등산 (Climbing)
438,438,들어가다,to go in to enter,,"['들', '어', '가']",들 (Field) + 어 (Uh.) + 가 (go)
438,438,들어가다,to go in to enter,,"['들', '어가']",들 (Field) + 어가 (Yes)
438,438,들어가다,to go in to enter,,"['들어', '가']",들어 (Lift it) + 가 (go)
438,438,들어가다,to go in to enter,,['들어가'],들어가 (Go in)
439,439,들다,to be contained,,들,들 (Field)
440,440,드시다,to eat (honorific),,"['드', '시']",드 (De) + 시 (Poetry)
440,440,드시다,to eat (honorific),,['드시'],드시 (Please)
441,441,드라마,drama (TV series),,"['드', '라', '마']",드 (De) + 라 (La) + 마 (bad luck)
441,441,드라마,drama (TV series),,"['드', '라마']",드 (De) + 라마 (The llama)
441,441,드라마,drama (TV series),,"['드라', '마']",드라 (Dr) + 마 (bad luck)
441,441,드라마,drama (TV series),,['드라마'],드라마 (Drama)
442,442,뒷사람,person behind,,"['뒷', '사', '람']",뒷 (Back) + 사 (Buy) + 람 (rams)
442,442,뒷사람,person behind,,"['뒷', '사람']",뒷 (Back) + 사람 (People)
442,442,뒷사람,person behind,,"['뒷사', '람']",뒷사 (a back-door) + 람 (rams)
442,442,뒷사람,person behind,,['뒷사람'],뒷사람 (the person in the back)
443,443,뒤,behind,,뒤,뒤 (Back)
444,444,둘,two,,둘,둘 (Two)
445,445,두,two (when modifying a counting unit that follows),,두,두 (Two)
446,446,동생,younger brother or sister,同生,"['동', '생']",동 (East) + 생 (Saint)
446,446,동생,younger brother or sister,同生,['동생'],동생 (Younger brother)
447,447,돈,money,,돈,돈 (Money)
448,448,독일,Germany,獨逸,"['독', '일']",독 (Poison) + 일 (Work)
448,448,독일,Germany,獨逸,['독일'],독일 (Germany)
449,449,도쿄,Tokyo,,"['도', '쿄']",도 (degree) + 쿄 (Hello)
449,449,도쿄,Tokyo,,['도쿄'],도쿄 (Tokyo)
450,450,도착하다,to arrive,,"['도', '착']",도 (degree) + 착 (Here)
450,450,도착하다,to arrive,,['도착'],도착 (Arrival)
451,451,도와주다,to help,,"['도', '와', '주']",도 (degree) + 와 (Wow) + 주 (Week)
451,451,도와주다,to help,,"['도', '와주']",도 (degree) + 와주 (Come here)
451,451,도와주다,to help,,"['도와', '주']",도와 (Help) + 주 (Week)
451,451,도와주다,to help,,['도와주'],도와주 (Help me)
452,452,도서관,library,圖書館,"['도', '서', '관']",도 (degree) + 서 (West) + 관 (Coffin)
452,452,도서관,library,圖書館,"['도', '서관']",도 (degree) + 서관 (the west wing)
452,452,도서관,library,圖書館,"['도서', '관']",도서 (Books) + 관 (Coffin)
452,452,도서관,library,圖書館,['도서관'],도서관 (Library)
453,453,더,more,,더,더 (More)
454,454,담배,cigarette,,"['담', '배']",담 (Wall) + 배 (ship)
454,454,담배,cigarette,,['담배'],담배 (cigarette)
455,455,달리다,to run,,"['달', '리']",달 (Month) + 리 (Lee)
455,455,달리다,to run,,['달리'],달리 (differently)
456,456,달러,dollar,,"['달', '러']",달 (Month) + 러 (R)
456,456,달러,dollar,,['달러'],달러 (Dollar)
457,457,달,month,,달,달 (Month)
458,458,닫다,to close,,닫,닫 (Close it)
459,459,다치다,to be hurt,,"['다', '치']",다 (All) + 치 (phooey)
459,459,다치다,to be hurt,,['다치'],다치 (an injury)
460,460,다이어트,diet,,"['다', '이', '어', '트']",다 (All) + 이 (Tooth) + 어 (Uh.) + 트 (T)
460,460,다이어트,diet,,"['다', '이', '어트']",다 (All) + 이 (Tooth) + 어트 (Eart)
460,460,다이어트,diet,,"['다', '이어', '트']",다 (All) + 이어 (Continuing on) + 트 (T)
460,460,다이어트,diet,,"['다', '이어트']",다 (All) + 이어트 (Eat)
460,460,다이어트,diet,,"['다이', '어', '트']",다이 (a big fish) + 어 (Uh.) + 트 (T)
460,460,다이어트,diet,,"['다이', '어트']",다이 (a big fish) + 어트 (Eart)
460,460,다이어트,diet,,"['다이어', '트']",다이어 (Dyer) + 트 (T)
460,460,다이어트,diet,,['다이어트'],다이어트 (Diet)
461,461,다음,next,,"['다', '음']",다 (All) + 음 (Well.)
461,461,다음,next,,['다음'],다음 (next)
462,462,다섯,five,,"['다', '섯']",다 (All) + 섯 (Five)
462,462,다섯,five,,['다섯'],다섯 (Five)
463,463,다리,leg,,"['다', '리']",다 (All) + 리 (Lee)
463,463,다리,leg,,['다리'],다리 (Leg)
464,464,다른,other,,"['다', '른']",다 (All) + 른 (R)
464,464,다른,other,,['다른'],다른 (different)
465,465,다니다,to go to (a company) / to work for,,"['다', '니']",다 (All) + 니 (You)
465,465,다니다,to go to (a company) / to work for,,['다니'],다니 (What are you mean?)
466,466,늦다,to be late,,늦,늦 (late)
467,467,뉴욕,New York,,"['뉴', '욕']",뉴 (New) + 욕 (cursing)
467,467,뉴욕,New York,,['뉴욕'],뉴욕 (New York.)
468,468,뉴스,news,,"['뉴', '스']",뉴 (New) + 스 (S)
468,468,뉴스,news,,['뉴스'],뉴스 (News)
469,469,눈사람,snowman,,"['눈', '사', '람']",눈 (Eyes) + 사 (Buy) + 람 (rams)
469,469,눈사람,snowman,,"['눈', '사람']",눈 (Eyes) + 사람 (People)
469,469,눈사람,snowman,,"['눈사', '람']",눈사 (death from snow) + 람 (rams)
469,469,눈사람,snowman,,['눈사람'],눈사람 (a snowman)
470,470,누나,elder sister from a male perspective,,"['누', '나']",누 (nu) + 나 (I)
470,470,누나,elder sister from a male perspective,,['누나'],누나 (older sister)
471,471,누구,who,,"['누', '구']",누 (nu) + 구 (District)
471,471,누구,who,,['누구'],누구 (Who)
472,472,누가,who,,"['누', '가']",누 (nu) + 가 (go)
472,472,누가,who,,['누가'],누가 (Who)
473,473,높다,high,,높,높 (High)
474,474,녹차,green tea,綠茶,"['녹', '차']",녹 (rust) + 차 (Tea)
474,474,녹차,green tea,綠茶,['녹차'],녹차 (Green tea)
475,475,녹색,green,綠色,"['녹', '색']",녹 (rust) + 색 (Colors)
475,475,녹색,green,綠色,['녹색'],녹색 (Green)
476,476,노래하다,to sing,,"['노', '래']",노 (Paddle) + 래 (Here)
476,476,노래하다,to sing,,['노래'],노래 (Singing)
477,477,노란색,yellow,,"['노', '란', '색']",노 (Paddle) + 란 (Column) + 색 (Colors)
477,477,노란색,yellow,,"['노', '란색']",노 (Paddle) + 란색 (Yellow)
477,477,노란색,yellow,,"['노란', '색']",노란 (Yellow) + 색 (Colors)
477,477,노란색,yellow,,['노란색'],노란색 (Yellow)
478,478,년,year,,년,년 (year)
479,479,넷,four,,넷,넷 (Four)
480,480,네,four (when modifying a counting unit that follows),,네,네 (All right.)
481,481,넘어지다,fall down,,"['넘', '어', '지']",넘 (It's so) + 어 (Uh.) + 지 (Ji)
481,481,넘어지다,fall down,,"['넘', '어지']",넘 (It's so) + 어지 (I.Number)
481,481,넘어지다,fall down,,"['넘어', '지']",넘어 (Over) + 지 (Ji)
481,481,넘어지다,fall down,,['넘어지'],넘어지 (I'll fall)
482,482,너무,too,,"['너', '무']",너 (You) + 무 (Radish)
482,482,너무,too,,['너무'],너무 (Too)
483,483,냉장고,refrigerator,冷藏庫,"['냉', '장', '고']",냉 (Cold) + 장 (chapter) + 고 (High)
483,483,냉장고,refrigerator,冷藏庫,"['냉', '장고']",냉 (Cold) + 장고 (a long storehouse)
483,483,냉장고,refrigerator,冷藏庫,"['냉장', '고']",냉장 (Refrigeration) + 고 (High)
483,483,냉장고,refrigerator,冷藏庫,['냉장고'],냉장고 (refrigerator)
484,484,냉면,naengmyeon,冷麵,"['냉', '면']",냉 (Cold) + 면 (Cotton)
484,484,냉면,naengmyeon,冷麵,['냉면'],냉면 (Cold noodles)
485,485,내일,tomorrow,來日,"['내', '일']",내 (My) + 일 (Work)
485,485,내일,tomorrow,來日,['내일'],내일 (Tomorrow)
486,486,내리다,to get off,,"['내', '리']",내 (My) + 리 (Lee)
486,486,내리다,to get off,,['내리'],내리 (Get off)
487,487,내다,to pay,,내,내 (My)
488,488,내,my,,내,내 (My)
489,489,낮다,low,,낮,낮 (Daytime)
490,490,남편,husband,男便,"['남', '편']",남 (others) + 편 (Side)
490,490,남편,husband,男便,['남편'],남편 (Husband)
491,491,남자,man male,男子,"['남', '자']",남 (others) + 자 (Let's.)
491,491,남자,man male,男子,['남자'],남자 (Man)
492,492,남동생,younger brother,,"['남', '동', '생']",남 (others) + 동 (East) + 생 (Saint)
492,492,남동생,younger brother,,"['남', '동생']",남 (others) + 동생 (Younger brother)
492,492,남동생,younger brother,,"['남동', '생']",남동 (South East) + 생 (Saint)
492,492,남동생,younger brother,,['남동생'],남동생 (Younger brother)
493,493,날씨,weather,,"['날', '씨']",날 (day) + 씨 (seed)
493,493,날씨,weather,,['날씨'],날씨 (Weather)
494,494,나중에,"later, next time",,"['나', '중', '에']",나 (I) + 중 (Middle) + 에 (to)
494,494,나중에,"later, next time",,"['나', '중에']",나 (I) + 중에 (During)
494,494,나중에,"later, next time",,"['나중', '에']",나중 (Later on) + 에 (to)
494,494,나중에,"later, next time",,['나중에'],나중에 (Later on)
495,495,나다,to have (a fever/a runny nose),,나,나 (I)
496,496,끝내다,to finish,,"['끝', '내']",끝 (The end) + 내 (My)
496,496,끝내다,to finish,,['끝내'],끝내 (in the end)
497,497,끝나다,to be finished,,"['끝', '나']",끝 (The end) + 나 (I)
497,497,끝나다,to be finished,,['끝나'],끝나 (It's over)
498,498,꽃,flower,,꽃,꽃 (flower)
499,499,깎다,to discount,,깎,깎 (Shave it)
500,500,까만색,black,,"['까', '만', '색']",까 (Take it off) + 만 (ten thousand) + 색 (Colors)
500,500,까만색,black,,"['까', '만색']",까 (Take it off) + 만색 (all colors)
500,500,까만색,black,,"['까만', '색']",까만 (black) + 색 (Colors)
500,500,까만색,black,,['까만색'],까만색 (Black)
501,501,김치,kimchi,,"['김', '치']",김 (Kim) + 치 (phooey)
501,501,김치,kimchi,,['김치'],김치 (Kimchi)
502,502,김밥,gimbap,,"['김', '밥']",김 (Kim) + 밥 (Rice)
502,502,김밥,gimbap,,['김밥'],김밥 (rice roll)
503,503,길,road / way,,길,길 (way)
504,504,기타,guitar,其他,"['기', '타']",기 (Flag) + 타 (get in)
504,504,기타,guitar,其他,['기타'],기타 (Guitar)
505,505,기침,cough,,"['기', '침']",기 (Flag) + 침 (Saliva)
505,505,기침,cough,,['기침'],기침 (Coughing)
506,506,기차표,train ticket,,"['기', '차', '표']",기 (Flag) + 차 (Tea) + 표 (a ticket)
506,506,기차표,train ticket,,"['기', '차표']",기 (Flag) + 차표 (a ticket)
506,506,기차표,train ticket,,"['기차', '표']",기차 (The train.) + 표 (a ticket)
506,506,기차표,train ticket,,['기차표'],기차표 (a train ticket)
507,507,기차,train,汽車,"['기', '차']",기 (Flag) + 차 (Tea)
507,507,기차,train,汽車,['기차'],기차 (The train.)
508,508,기자,reporter,記者,"['기', '자']",기 (Flag) + 자 (Let's.)
508,508,기자,reporter,記者,['기자'],기자 (editor)
509,509,기숙사,dormitory,寄宿舍,"['기', '숙', '사']",기 (Flag) + 숙 (Deep down) + 사 (Buy)
509,509,기숙사,dormitory,寄宿舍,"['기', '숙사']",기 (Flag) + 숙사 (an accommodation)
509,509,기숙사,dormitory,寄宿舍,"['기숙', '사']",기숙 (boarding) + 사 (Buy)
509,509,기숙사,dormitory,寄宿舍,['기숙사'],기숙사 (Dormitory)
510,510,기분,feeling,氣分,"['기', '분']",기 (Flag) + 분 (minute.)
510,510,기분,feeling,氣分,['기분'],기분 (one's)
511,511,기다리다,to wait,,"['기', '다', '리']",기 (Flag) + 다 (All) + 리 (Lee)
511,511,기다리다,to wait,,"['기', '다리']",기 (Flag) + 다리 (Leg)
511,511,기다리다,to wait,,"['기다', '리']",기다 (Crawl) + 리 (Lee)
511,511,기다리다,to wait,,['기다리'],기다리 (Wait)
512,512,금요일,Friday,金曜日,"['금', '요', '일']",금 (gold) + 요 (yo) + 일 (Work)
512,512,금요일,Friday,金曜日,"['금', '요일']",금 (gold) + 요일 (Day of the week)
512,512,금요일,Friday,金曜日,"['금요', '일']",금요 (Friday) + 일 (Work)
512,512,금요일,Friday,金曜日,['금요일'],금요일 (Friday)
513,513,극장,movie theater,劇場,"['극', '장']",극 (Play) + 장 (chapter)
513,513,극장,movie theater,劇場,['극장'],극장 (Theater)
514,514,그분,that person (honorific),,"['그', '분']",그 (that) + 분 (minute.)
514,514,그분,that person (honorific),,['그분'],그분 (That person)
515,515,그림,picture / drawing,,"['그', '림']",그 (that) + 림 (Rim)
515,515,그림,picture / drawing,,['그림'],그림 (Painting)
516,516,그리다,to draw to paint,,"['그', '리']",그 (that) + 리 (Lee)
516,516,그리다,to draw to paint,,['그리'],그리 (GRE)
517,517,그리고,and,,"['그', '리', '고']",그 (that) + 리 (Lee) + 고 (High)
517,517,그리고,and,,"['그', '리고']",그 (that) + 리고 (Rigo)
517,517,그리고,and,,"['그리', '고']",그리 (GRE) + 고 (High)
517,517,그리고,and,,['그리고'],그리고 (And)
518,518,그렇지만,but,,"['그', '렇', '지', '만']",그 (that) + 렇 (Well) + 지 (Ji) + 만 (ten thousand)
518,518,그렇지만,but,,"['그', '렇', '지만']","그 (that) + 렇 (Well) + 지만 (However,)"
518,518,그렇지만,but,,"['그', '렇지', '만']",그 (that) + 렇지 (Right?) + 만 (ten thousand)
518,518,그렇지만,but,,"['그', '렇지만']",그 (that) + 렇지만 (But)
518,518,그렇지만,but,,"['그렇', '지', '만']",그렇 (That's right) + 지 (Ji) + 만 (ten thousand)
518,518,그렇지만,but,,"['그렇', '지만']","그렇 (That's right) + 지만 (However,)"
518,518,그렇지만,but,,"['그렇지', '만']",그렇지 (That's right.) + 만 (ten thousand)
518,518,그렇지만,but,,['그렇지만'],그렇지만 (But)
519,519,그럼,then / in that case,,"['그', '럼']",그 (that) + 럼 (rum)
519,519,그럼,then / in that case,,['그럼'],그럼 (then)
520,520,그런데,but/ by the way,,"['그', '런', '데']","그 (that) + 런 (Run) + 데 (""De)"
520,520,그런데,but/ by the way,,"['그', '런데']",그 (that) + 런데 (But)
520,520,그런데,but/ by the way,,"['그런', '데']","그런 (Such) + 데 (""De)"
520,520,그런데,but/ by the way,,['그런데'],그런데 (by the way)
521,521,그래서,so,,"['그', '래', '서']",그 (that) + 래 (Here) + 서 (West)
521,521,그래서,so,,"['그', '래서']",그 (that) + 래서 (That's why)
521,521,그래서,so,,"['그래', '서']",그래 (Okay.) + 서 (West)
521,521,그래서,so,,['그래서'],그래서 (so)
522,522,그거,that (one),,"['그', '거']",그 (that) + 거 (Yes)
522,522,그거,that (one),,['그거'],그거 (That)
523,523,그,that,,그,그 (that)
524,524,귀,ear,,귀,귀 (Ear)
525,525,국적,nationality,國籍,"['국', '적']",국 (Soup) + 적 (Enemy)
525,525,국적,nationality,國籍,['국적'],국적 (Nationality)
526,526,구월,September,九月,"['구', '월']",구 (District) + 월 (month)
526,526,구월,September,九月,['구월'],구월 (September)
527,527,구두,dress shoes,口頭,"['구', '두']",구 (District) + 두 (Two)
527,527,구두,dress shoes,口頭,['구두'],구두 (Shoes)
528,528,구,nine,,구,구 (District)
529,529,교실,classroom,敎室,"['교', '실']",교 (Religion) + 실 (thread)
529,529,교실,classroom,敎室,['교실'],교실 (classroom)
530,530,괜찮다,alright,,"['괜', '찮']",괜 (It's okay) + 찮 (It's cold)
530,530,괜찮다,alright,,['괜찮'],괜찮 (okay)
531,531,과일,fruit,,"['과', '일']",과 (Department) + 일 (Work)
531,531,과일,fruit,,['과일'],과일 (Fruit)
532,532,공항,airport,空港,"['공', '항']",공 (Ball) + 항 (clause)
532,532,공항,airport,空港,['공항'],공항 (the airport)
533,533,공책,notebook,空冊,"['공', '책']",공 (Ball) + 책 (Books)
533,533,공책,notebook,空冊,['공책'],공책 (a notebook)
534,534,공원,park,公園,"['공', '원']",공 (Ball) + 원 (Circle)
534,534,공원,park,公園,['공원'],공원 (a park)
535,535,공부하다,to study,工夫하다,"['공', '부']",공 (Ball) + 부 (Wealth)
535,535,공부하다,to study,工夫하다,['공부'],공부 (Study)
536,536,공부,study / learning,工夫,"['공', '부']",공 (Ball) + 부 (Wealth)
536,536,공부,study / learning,工夫,['공부'],공부 (Study)
537,537,공,zero,,공,공 (Ball)
538,538,고민,agony / worry,苦悶,"['고', '민']",고 (High) + 민 (Min)
538,538,고민,agony / worry,苦悶,['고민'],고민 (Worries)
539,539,고등학생,high school student,高等學生,"['고', '등', '학', '생']",고 (High) + 등 (back) + 학 (Crane) + 생 (Saint)
539,539,고등학생,high school student,高等學生,"['고', '등', '학생']",고 (High) + 등 (back) + 학생 (Student)
539,539,고등학생,high school student,高等學生,"['고', '등학', '생']",고 (High) + 등학 (going to school) + 생 (Saint)
539,539,고등학생,high school student,高等學生,"['고', '등학생']",고 (High) + 등학생 (a schoolboy)
539,539,고등학생,high school student,高等學生,"['고등', '학', '생']",고등 (High) + 학 (Crane) + 생 (Saint)
539,539,고등학생,high school student,高等學生,"['고등', '학생']",고등 (High) + 학생 (Student)
539,539,고등학생,high school student,高等學生,"['고등학', '생']",고등학 (higher education) + 생 (Saint)
539,539,고등학생,high school student,高等學生,['고등학생'],고등학생 (High school student)
540,540,고기,meat,,"['고', '기']",고 (High) + 기 (Flag)
540,540,고기,meat,,['고기'],고기 (Meat)
541,541,계시다,to be/to stay (honorific),,"['계', '시']",계 (Korean traditional private funding) + 시 (Poetry)
541,541,계시다,to be/to stay (honorific),,['계시'],계시 (Revelation)
542,542,결혼하다,to marry,結婚하다,"['결', '혼']",결 (Grain) + 혼 (soul)
542,542,결혼하다,to marry,結婚하다,['결혼'],결혼 (marriage)
543,543,결혼,marriage,結婚,"['결', '혼']",결 (Grain) + 혼 (soul)
543,543,결혼,marriage,結婚,['결혼'],결혼 (marriage)
544,544,걸리다,to take (time),,"['걸', '리']",걸 (girl) + 리 (Lee)
544,544,걸리다,to take (time),,['걸리'],걸리 (Gully)
545,545,걷다,to walk,,걷,걷 (Walk)
546,546,건강,health,健康,"['건', '강']",건 (case) + 강 (River)
546,546,건강,health,健康,['건강'],건강 (Health)
547,547,걱정,worry / concern,,"['걱', '정']",걱 (Worry) + 정 (Attachment)
547,547,걱정,worry / concern,,['걱정'],걱정 (Worries)
548,548,개,counting unit for general items,,개,개 (Dog)
549,549,같이,together,,"['같', '이']",같 (Together) + 이 (Tooth)
549,549,같이,together,,['같이'],같이 (Together)
550,550,감기,cold,感氣,"['감', '기']",감 (Persimmon) + 기 (Flag)
550,550,감기,cold,感氣,['감기'],감기 (cold)
551,551,갈아타다,to transfer,,"['갈', '아', '타']",갈 (Gal) + 아 (Ah.) + 타 (get in)
551,551,갈아타다,to transfer,,"['갈', '아타']",갈 (Gal) + 아타 (Ata)
551,551,갈아타다,to transfer,,"['갈아', '타']",갈아 (Grind it) + 타 (get in)
551,551,갈아타다,to transfer,,['갈아타'],갈아타 (Let's transfer)
552,552,갈색,brown,褐色,"['갈', '색']",갈 (Gal) + 색 (Colors)
552,552,갈색,brown,褐色,['갈색'],갈색 (Brown)
553,553,간호사,nurse,看護師,"['간', '호', '사']",간 (Liver.) + 호 (issue) + 사 (Buy)
553,553,간호사,nurse,看護師,"['간', '호사']",간 (Liver.) + 호사 (an extravagant figure)
553,553,간호사,nurse,看護師,"['간호', '사']",간호 (nursing care) + 사 (Buy)
553,553,간호사,nurse,看護師,['간호사'],간호사 (Nurse)
554,554,가족,family,家族,"['가', '족']",가 (go) + 족 (foot)
554,554,가족,family,家族,['가족'],가족 (Family)
555,555,가방,bag,街坊,"['가', '방']",가 (go) + 방 (Room)
555,555,가방,bag,街坊,['가방'],가방 (Bag)
556,556,가르치다,to teach,,"['가', '르', '치']","가 (go) + 르 (""Re) + 치 (phooey)"
556,556,가르치다,to teach,,"['가', '르치']",가 (go) + 르치 (Leach)
556,556,가르치다,to teach,,"['가르', '치']",가르 (Gar) + 치 (phooey)
556,556,가르치다,to teach,,['가르치'],가르치 (teaching)
557,557,가다,to go,,가,가 (go)
558,558,가게,store / shop,,"['가', '게']",가 (go) + 게 (Crab)
558,558,가게,store / shop,,['가게'],가게 (The store)
